[airpronetworks.com/index.html]
[backblue.gif]
[fade.gif]
[index.html]
[airpronetworks.com/wp-content/uploads/2024/04/Point-to-Point-or-Point-to-Multi-point-1.jpg]
[airpronetworks.com/wp-json/oembed/1.0/embed4dee.json]
[airpronetworks.com/comments/feed/index.html]
[airpronetworks.com/feed/index.html]
[airpronetworks.com/wp-json/oembed/1.0/embed4a0d]
[airpronetworks.com/wp-json/wp/v2/pages/442.json]
[airpronetworks.com/wp-json/index.html]
[airpronetworks.com/xmlrpc0db0.php]
[airpronetworks.com/wp-content/uploads/2023/08/a.png]
[airpronetworks.com/wp-content/fonts/inter/UcCO3FwrK3iLTeHuS_nVMrMxCp50SjIw2boKoduKmMEVuI6fAZJhiI2B.woff2]
[airpronetworks.com/wp-content/fonts/inter/UcCO3FwrK3iLTeHuS_nVMrMxCp50SjIw2boKoduKmMEVuI6fAZthiI2B.woff2]
[airpronetworks.com/wp-content/fonts/inter/UcCO3FwrK3iLTeHuS_nVMrMxCp50SjIw2boKoduKmMEVuI6fAZNhiI2B.woff2]
[airpronetworks.com/wp-content/fonts/inter/UcCO3FwrK3iLTeHuS_nVMrMxCp50SjIw2boKoduKmMEVuI6fAZxhiI2B.woff2]
[airpronetworks.com/wp-content/fonts/inter/UcCO3FwrK3iLTeHuS_nVMrMxCp50SjIw2boKoduKmMEVuI6fAZBhiI2B.woff2]
[airpronetworks.com/wp-content/fonts/inter/UcCO3FwrK3iLTeHuS_nVMrMxCp50SjIw2boKoduKmMEVuI6fAZ9hiA.woff2]
[airpronetworks.com/wp-content/fonts/inter/UcCO3FwrK3iLTeHuS_nVMrMxCp50SjIw2boKoduKmMEVuI6fAZFhiI2B.woff2]
[airpronetworks.com/wp-content/uploads/2025/01/logo.png]
[airpronetworks.com/wp-content/uploads/2023/08/AIR-AP605C-X1.png]
[airpronetworks.com/wp-content/uploads/2023/08/AIR-WAP605-AX.png]
[airpronetworks.com/customer-support/index.html]
[airpronetworks.com/wp-content/uploads/2023/08/outdoor-1.png]
[airpronetworks.com/wp-content/uploads/2024/03/AP-WLC3608.png]
[airpronetworks.com/portfolio-category/ceiling-access-point/index.html]
[airpronetworks.com/portfolio-category/in-wall-ap/index.html]
[airpronetworks.com/wp-content/uploads/2023/08/product.png]
[airpronetworks.com/portfolio-category/outdoor-access-point/index.html]
[airpronetworks.com/wp-content/uploads/2023/08/enterprises-1.png]
[airpronetworks.com/portfolio-category/standard-controller/index.html]
[airpronetworks.com/portfolio-category/smart-controller/index.html]
[airpronetworks.com/wp-content/uploads/2023/08/access-switch.png]
[airpronetworks.com/portfolio-category/enterprises/index.html]
[airpronetworks.com/wp-content/uploads/2023/08/unmanaged.png]
[airpronetworks.com/portfolio-category/access/index.html]
[airpronetworks.com/portfolio-category/unmanaged-switch/index.html]
[airpronetworks.com/wp-content/uploads/2023/08/outdoor-bridge.png]
[airpronetworks.com/wp-content/uploads/2023/08/indoor-router.png]
[airpronetworks.com/portfolio-category/outdoor-p2p-p2m/index.html]
[airpronetworks.com/wp-content/uploads/2023/05/Air-AP690IX-380x500.png]
[airpronetworks.com/wp-content/uploads/2023/08/media-2.png]
[airpronetworks.com/portfolio-category/indoor-router/index.html]
[airpronetworks.com/wp-content/uploads/2023/08/sfp.png]
[airpronetworks.com/portfolio-category/outdoor-router/index.html]
[airpronetworks.com/wp-content/uploads/2024/04/one-devise-TO-CONNECT-THEM-ALL-min.jpg]
[airpronetworks.com/portfolio-category/media-convertor/index.html]
[airpronetworks.com/portfolio-category/sfp-transceiver/index.html]
[airpronetworks.com/wp-content/uploads/2024/04/First-wifi-roaming-Final-Version-Recovered-Final-banner.jpg]
[airpronetworks.com/contact/index.html]
[airpronetworks.com/datasheet/index.html]
[airpronetworks.com/wp-content/uploads/2024/04/Enterprise-Class-High.jpg]
[airpronetworks.com/partner/index.html]
[airpronetworks.com/wp-content/uploads/2023/08/layer3.webp]
[airpronetworks.com/wp-content/uploads/2023/08/ap.webp]
[airpronetworks.com/e-brochures/index.html]
[airpronetworks.com/e-mailers/index.html]
[airpronetworks.com/wp-content/uploads/2023/08/layer-2-1.webp]
[airpronetworks.com/wp-content/uploads/2023/08/industrial.webp]
[airpronetworks.com/wp-content/uploads/2023/08/poe.webp]
[airpronetworks.com/portfolio-category/industrial-poe-switch/index.html]
[airpronetworks.com/wp-content/uploads/2023/08/4g-router.webp]
[airpronetworks.com/wp-content/uploads/2023/04/hospitality-1-scaled.jpg]
[airpronetworks.com/wp-content/uploads/2023/04/wifi-education-scaled.jpg]
[airpronetworks.com/wp-content/uploads/2023/04/warehousing.jpg]
[airpronetworks.com/wp-content/uploads/2023/04/finger-touching-phone-with-wifi-scaled.jpg]
[airpronetworks.com/wp-content/uploads/2023/04/office.jpg]
[airpronetworks.com/wp-content/uploads/2023/04/health-care.jpg]
[airpronetworks.com/wp-content/uploads/2023/07/logo.png]
[airpronetworks.com/wp-content/themes/hostinza/assets/images/flags/006-united-states.svg]
[airpronetworks.com/category/router/index.html]
[airpronetworks.com/why-airpro-has-the-best-dual-band-wifi-routers-in-india-for-home-office/index.html]
[airpronetworks.com/category/poe-switch/index.html]
[airpronetworks.com/wp-content/themes/hostinza/assets/images/flags/002-canada.svg]
[airpronetworks.com/what-is-a-poe-switch-and-why-use-it-how-does-power-over-ethernet-switch-work/index.html]
[airpronetworks.com/category/wi-fi-6/index.html]
[airpronetworks.com/wp-content/themes/hostinza/assets/images/flags/003-vietnam.svg]
[airpronetworks.com/attentive-was-born-in-2015-help-sales-teams/index.html]
[airpronetworks.com/about/index.html]
[airpronetworks.com/wp-content/themes/hostinza/assets/images/flags/004-france.svg]
[airpronetworks.com/privacy/index.html]
[airpronetworks.com/wp-content/themes/hostinza/assets/images/flags/005-germany.svg]
[airpronetworks.com/portfolio-category/poe-switch/index.html]
[airpronetworks.com/portfolio-category/poe-l2-l3-managed-switch/index.html]
[airpronetworks.com/portfolio-category/l2-l3-managed-switch/index.html]
[airpronetworks.com/portfolio-category/home-routers/index.html]
[airpronetworks.com/portfolio-category/fiber-access/index.html]
[airpronetworks.com/portfolio-category/lte-and-4g-cpes/index.html]
[cdn.amcharts.com/lib/version/4.10.29/core942d.js]
[cdn.amcharts.com/lib/version/4.10.29/maps942d.js]
[cdn.amcharts.com/lib/version/4.10.29/themes/animated942d.js]
[cdn.amcharts.com/lib/4/geodata/worldLow942d.js]
[airpronetworks.com/index.html]
[airpronetworks.com/wp-content/plugins/contact-form-7/includes/css/stylesb5e1.css]
[airpronetworks.com/wp-content/plugins/gallery-with-thumbnail-slider/includes/images/controls.png]
[airpronetworks.com/wp-content/plugins/gallery-with-thumbnail-slider/includes/css/lightslider7ae5.css]
[airpronetworks.com/wp-content/plugins/gallery-with-thumbnail-slider/includes/css/img/link.png]
[airpronetworks.com/wp-content/plugins/gallery-with-thumbnail-slider/includes/css/gwts-style7ae5.css]
[airpronetworks.com/wp-content/plugins/gallery-with-thumbnail-slider/includes/fonts/lgd641.eot]
[airpronetworks.com/wp-content/plugins/gallery-with-thumbnail-slider/includes/fonts/lgd41d.eot]
[airpronetworks.com/wp-content/plugins/gallery-with-thumbnail-slider/includes/fonts/lgd641.woff]
[airpronetworks.com/wp-content/plugins/gallery-with-thumbnail-slider/includes/fonts/lgd641.ttf]
[airpronetworks.com/wp-content/plugins/gallery-with-thumbnail-slider/includes/fonts/lgd641.svg]
[airpronetworks.com/wp-content/plugins/gallery-with-thumbnail-slider/includes/img/vimeo-play.png]
[airpronetworks.com/wp-content/plugins/gallery-with-thumbnail-slider/includes/img/video-play.png]
[airpronetworks.com/wp-content/plugins/gallery-with-thumbnail-slider/includes/img/youtube-play.png]
[airpronetworks.com/wp-content/plugins/gallery-with-thumbnail-slider/includes/img/loading.gif]
[airpronetworks.com/wp-content/plugins/gallery-with-thumbnail-slider/includes/css/lightgallery7ae5.css]
[airpronetworks.com/wp-content/plugins/multilanguage/css/style5f04.css]
[airpronetworks.com/wp-content/plugins/tlp-portfolio/assets/images/grabbing.png]
[airpronetworks.com/wp-content/plugins/tlp-portfolio/assets/images/AjaxLoader.gif]
[airpronetworks.com/wp-content/plugins/tlp-portfolio/assets/vendor/fontello/fontelloee52.eot]
[airpronetworks.com/wp-content/plugins/tlp-portfolio/assets/vendor/fontello/fontelloee52.woff2]
[airpronetworks.com/wp-content/plugins/tlp-portfolio/assets/vendor/fontello/fontelloee52.woff]
[airpronetworks.com/wp-content/plugins/tlp-portfolio/assets/vendor/fontello/fontelloee52.ttf]
[airpronetworks.com/wp-content/plugins/tlp-portfolio/assets/vendor/fontello/fontelloee52.svg]
[airpronetworks.com/wp-content/plugins/tlp-portfolio/assets/css/tlpportfolio5152.css]
[airpronetworks.com/wp-content/themes/hostinza/style8717.css]
[airpronetworks.com/wp-content/plugins/3d-flipbook-dflip-lite/assets/css/dflip.minb084.css]
[airpronetworks.com/wp-content/themes/hostinza/assets/css/bootstrap.min76ed.css]
[airpronetworks.com/wp-content/themes/hostinza/assets/css/magnific-popup76ed.css]
[airpronetworks.com/wp-content/themes/hostinza/assets/css/xs_main76ed.css]
[airpronetworks.com/product-guide/product-guide.pdf]
[airpronetworks.com/wp-content/themes/hostinza/assets/images/banner.jpg]
[airpronetworks.com/wp-content/themes/hostinza/assets/css/blog-style76ed.css]
[airpronetworks.com/wp-content/themes/hostinza/assets/css/animate76ed.css]
[airpronetworks.com/wp-content/themes/hostinza/assets/css/owl.video.play.png]
[airpronetworks.com/wp-content/themes/hostinza/assets/css/owl.carousel.min76ed.css]
[airpronetworks.com/wp-content/themes/hostinza/assets/css/owl.theme.default.min76ed.css]
[airpronetworks.com/wp-content/themes/hostinza/assets/css/jquery-ui.structure.min76ed.css]
[airpronetworks.com/wp-content/themes/hostinza/assets/css/jquery-ui.theme.min76ed.css]
[airpronetworks.com/wp-content/themes/hostinza/assets/fonts/domain-checker/glyphicons-halflings-regular.eot]
[airpronetworks.com/wp-content/themes/hostinza/assets/fonts/domain-checker/glyphicons-halflings-regulard41d.eot]
[airpronetworks.com/wp-content/themes/hostinza/assets/fonts/domain-checker/glyphicons-halflings-regular.woff2]
[airpronetworks.com/wp-content/themes/hostinza/assets/fonts/domain-checker/glyphicons-halflings-regular.woff]
[airpronetworks.com/wp-content/themes/hostinza/assets/fonts/domain-checker/glyphicons-halflings-regular.ttf]
[airpronetworks.com/wp-content/themes/hostinza/assets/css/domain-checker/style76ed.css]
[airpronetworks.com/wp-content/themes/hostinza/assets/fonts/domain-checker/glyphicons-halflings-regular.svg]
[airpronetworks.com/wp-content/themes/hostinza/assets/fonts/iconfont1da0.woff]
[airpronetworks.com/wp-content/themes/hostinza/assets/css/iconfont76ed.css]
[airpronetworks.com/wp-content/themes/hostinza/assets/fonts/iconfont1da0.ttf]
[airpronetworks.com/wp-content/plugins/elementor/assets/lib/font-awesome/fonts/fontawesome-webfont3e6e.eot]
[airpronetworks.com/wp-content/themes/hostinza/assets/fonts/iconfont1da0.svg]
[airpronetworks.com/wp-content/plugins/elementor/assets/lib/font-awesome/fonts/fontawesome-webfontd41d.eot]
[airpronetworks.com/wp-content/plugins/elementor/assets/lib/font-awesome/fonts/fontawesome-webfont3e6e.woff2]
[airpronetworks.com/wp-content/plugins/elementor/assets/lib/font-awesome/fonts/fontawesome-webfont3e6e.ttf]
[airpronetworks.com/wp-content/plugins/elementor/assets/lib/font-awesome/css/font-awesome.min1849.css]
[airpronetworks.com/wp-content/themes/hostinza/assets/css/navigation.min76ed.css]
[airpronetworks.com/wp-content/plugins/elementor/assets/lib/font-awesome/fonts/fontawesome-webfont3e6e.woff]
[airpronetworks.com/wp-content/plugins/elementor/assets/lib/font-awesome/fonts/fontawesome-webfont3e6e.svg]
[airpronetworks.com/wp-content/themes/hostinza/assets/images/welcome/horizontal-shape-2.png]
[airpronetworks.com/wp-content/themes/hostinza/assets/images/welcome/main-shape-curve.png]
[airpronetworks.com/wp-content/themes/hostinza/assets/images/cross-out.png]
[airpronetworks.com/wp-content/themes/hostinza/assets/images/icon-bg.png]
[airpronetworks.com/wp-content/themes/hostinza/assets/images/info/round.png]
[airpronetworks.com/wp-content/themes/hostinza/assets/images/vps/range.png]
[airpronetworks.com/wp-content/themes/hostinza/assets/images/dedicated-server/1.png]
[airpronetworks.com/wp-content/themes/hostinza/assets/images/icon-bg-3.png]
[airpronetworks.com/wp-content/themes/hostinza/assets/images/xs-home-bg.png]
[airpronetworks.com/wp-content/themes/hostinza/assets/images/welcome/text-bottom-border.png]
[airpronetworks.com/wp-content/themes/hostinza/assets/images/icon-bg-4.png]
[airpronetworks.com/wp-content/themes/hostinza/assets/css/style76ed.css]
[airpronetworks.com/wp-content/themes/hostinza/assets/css/gutenberg-custom76ed.css]
[airpronetworks.com/wp-content/themes/hostinza/assets/css/responsive76ed.css]
[airpronetworks.com/wp-content/plugins/elementor/assets/lib/eicons/fonts/eicons9930.woff2]
[airpronetworks.com/wp-content/plugins/elementor/assets/lib/eicons/fonts/eicons9930.woff]
[airpronetworks.com/wp-content/plugins/elementor/assets/lib/eicons/fonts/eicons9930.eot]
[airpronetworks.com/wp-content/plugins/elementor/assets/lib/eicons/css/elementor-icons.mindff9.css]
[airpronetworks.com/wp-content/plugins/elementor/assets/css/frontend.min1678.css]
[airpronetworks.com/wp-content/uploads/elementor/css/post-15893c12.css]
[airpronetworks.com/wp-content/plugins/elementor-pro/assets/css/frontend.min2f56.css]
[airpronetworks.com/wp-content/plugins/elementor/assets/lib/eicons/fonts/eicons9930.ttf]
[airpronetworks.com/wp-content/plugins/elementor/assets/lib/font-awesome/webfonts/fa-brands-400.eot]
[airpronetworks.com/wp-content/plugins/elementor/assets/lib/font-awesome/webfonts/fa-brands-400.woff2]
[airpronetworks.com/wp-content/plugins/elementor/assets/lib/eicons/fonts/eicons9930.svg]
[airpronetworks.com/wp-content/plugins/elementor/assets/lib/font-awesome/webfonts/fa-brands-400d41d.eot]
[airpronetworks.com/wp-content/plugins/elementor/assets/lib/font-awesome/webfonts/fa-brands-400.woff]
[airpronetworks.com/wp-content/plugins/elementor/assets/lib/font-awesome/webfonts/fa-regular-400.eot]
[airpronetworks.com/wp-content/plugins/elementor/assets/lib/font-awesome/webfonts/fa-brands-400.svg]
[airpronetworks.com/wp-content/plugins/elementor/assets/lib/font-awesome/webfonts/fa-regular-400d41d.eot]
[airpronetworks.com/wp-content/plugins/elementor/assets/lib/font-awesome/webfonts/fa-brands-400.ttf]
[airpronetworks.com/wp-content/plugins/elementor/assets/lib/font-awesome/webfonts/fa-regular-400.woff2]
[airpronetworks.com/wp-content/plugins/elementor/assets/lib/font-awesome/webfonts/fa-regular-400.woff]
[airpronetworks.com/wp-content/plugins/elementor/assets/lib/font-awesome/webfonts/fa-regular-400.ttf]
[airpronetworks.com/wp-content/plugins/elementor/assets/lib/font-awesome/webfonts/fa-regular-400.svg]
[airpronetworks.com/wp-content/plugins/elementor/assets/lib/font-awesome/webfonts/fa-solid-900d41d.eot]
[airpronetworks.com/wp-content/plugins/elementor/assets/lib/font-awesome/webfonts/fa-solid-900.eot]
[airpronetworks.com/wp-content/plugins/elementor/assets/lib/font-awesome/webfonts/fa-solid-900.woff2]
[airpronetworks.com/wp-content/plugins/elementor/assets/lib/font-awesome/webfonts/fa-solid-900.woff]
[airpronetworks.com/wp-content/plugins/elementor/assets/lib/font-awesome/webfonts/fa-solid-900.ttf]
[airpronetworks.com/wp-content/plugins/elementor/assets/lib/font-awesome/css/all.min1678.css]
[airpronetworks.com/wp-content/plugins/elementor/assets/lib/font-awesome/css/v4-shims.min1678.css]
[airpronetworks.com/wp-content/plugins/elementor/assets/lib/swiper/v8/css/swiper.min94a4.css]
[airpronetworks.com/wp-content/plugins/elementor/assets/css/conditionals/e-swiper.min1678.css]
[airpronetworks.com/wp-content/plugins/elementor/assets/css/widget-image-carousel.min1678.css]
[airpronetworks.com/wp-content/plugins/elementor/assets/lib/animations/styles/fadeInUp.min1678.css]
[airpronetworks.com/wp-content/plugins/elementor/assets/css/widget-heading.min1678.css]
[airpronetworks.com/wp-content/plugins/elementor/assets/lib/animations/styles/slideInUp.min1678.css]
[airpronetworks.com/wp-content/uploads/2023/07/warehouse-wifi.jpg]
[airpronetworks.com/wp-content/plugins/elementor/assets/lib/font-awesome/webfonts/fa-solid-900.svg]
[airpronetworks.com/wp-content/uploads/2023/05/wifi-webcast1.png]
[airpronetworks.com/wp-content/uploads/2023/05/solution.jpg]
[airpronetworks.com/wp-content/uploads/elementor/css/post-442b754.css]
[airpronetworks.com/wp-content/plugins/elementskit-lite/widgets/init/assets/img/arrow.png]
[airpronetworks.com/wp-content/plugins/elementskit-lite/widgets/init/assets/img/sort_asc.png]
[airpronetworks.com/wp-content/plugins/elementskit-lite/widgets/init/assets/img/sort_desc.png]
[airpronetworks.com/wp-content/plugins/elementskit-lite/widgets/init/assets/img/sort_asc_disabled.png]
[airpronetworks.com/wp-content/plugins/elementskit-lite/widgets/init/assets/img/cross-out.svg]
[airpronetworks.com/wp-content/plugins/elementskit-lite/widgets/init/assets/css/widget-styles657a.css]
[airpronetworks.com/wp-content/plugins/elementskit-lite/widgets/init/assets/css/responsive657a.css]
[airpronetworks.com/wp-includes/js/jquery/jquery.minf43b.js]
[airpronetworks.com/wp-includes/js/jquery/jquery-migrate.min5589.js]
[airpronetworks.com/wp-content/plugins/revslider/public/assets/js/rbtools.min8331.js]
[airpronetworks.com/dummy.png]
[airpronetworks.com/wp-content/plugins/revslider/public/assets/js/rs6.minb02e.js]
[airpronetworks.com/wp-content/plugins/elementor/assets/lib/font-awesome/js/v4-shims.min1678.js]
[airpronetworks.com/wp-content/themes/hostinza/assets/css/custom.css]
[player.vimeo.com/api/player.js]
[airpronetworks.com/wp-content/uploads/2018/07/contact-info-icon-1.png]
[airpronetworks.com/Trident/index.html]
[airpronetworks.com/wp-json/oembed/1.0/embed820f.json]
[airpronetworks.com/wp-json/oembed/1.0/embedf4e8]
[airpronetworks.com/wp-json/wp/v2/pages/6814.json]
[airpronetworks.com/customer-support/index.html]
[airpronetworks.com/wp-json/wp/v2/portfolio-category/54.json]
[airpronetworks.com/portfolio-category/ceiling-access-point/feed/index.html]
[airpronetworks.com/wp-content/uploads/2023/04/AP-WAC2100-V1.png]
[airpronetworks.com/wp-content/uploads/2023/04/AP-WAC2100-V2.png]
[airpronetworks.com/wp-content/uploads/2023/03/AIR-AP605C-X1-1-598x650-1.png]
[airpronetworks.com/wp-content/uploads/2023/04/AIR-AP605C-AX.png]
[airpronetworks.com/wp-content/uploads/2023/04/AIR-AP610C-AX-1.png]
[airpronetworks.com/portfolio/ap-wac2100-v1-1200mbps-11ac-high-power-ceiling-mount-ap/index.html]
[airpronetworks.com/wp-content/uploads/2023/04/AIR-AP610C-AX.png]
[airpronetworks.com/portfolio/ap-wac2100-v2-1200mbps-11ac-high-power-ceiling-mount-ap/index.html]
[airpronetworks.com/wp-content/uploads/2023/04/AIR-AP940.png]
[airpronetworks.com/portfolio/air-ap605c-x1-dual-band-11ax-wi-fi-ceiling-mount-ap/index.html]
[airpronetworks.com/portfolio/air-ap605c-ax-dual-band-high-performance-gigabit-wireless-access-point/index.html]
[airpronetworks.com/wp-content/uploads/2023/06/AIR-AP520.png]
[airpronetworks.com/portfolio/air-ap610c-ax-indoor-802-11ax-wi-fi6-dual-band-enterprises-ap/index.html]
[airpronetworks.com/portfolio/air-ap620c-ax-indoor-802-11ax-wi-fi6-dual-band-enterprise-ap/index.html]
[airpronetworks.com/wp-content/uploads/2024/03/AIR-AP530.png]
[airpronetworks.com/portfolio/air-ap940-2-96gbps-dual-band-11ax-wi-fi-ceiling-mount-ap/index.html]
[airpronetworks.com/portfolio-category/ceiling-access-point/index.html]
[airpronetworks.com/portfolio/air-ap520-1-75gbps-dual-band-11ax-wi-fi6-ceiling-mount-ap/index.html]
[airpronetworks.com/portfolio/air-ap530-3/index.html]
[airpronetworks.com/portfolio/air-ap545-3-6gbps-11ax-wifi6-ceiling-ap/index.html]
[airpronetworks.com/wp-json/wp/v2/portfolio-category/74.json]
[airpronetworks.com/wp-content/uploads/2023/03/WAP2750E-1.png]
[airpronetworks.com/portfolio-category/in-wall-ap/feed/index.html]
[airpronetworks.com/wp-content/uploads/2023/04/WAP1200.png]
[airpronetworks.com/wp-content/uploads/2024/03/WAP2750E-1.png]
[airpronetworks.com/wp-content/uploads/2023/05/AIR-WAP602-X1.png]
[airpronetworks.com/portfolio/air-wap2750e-750mbps-dual-band-wall-mount-wireless-ap/index.html]
[airpronetworks.com/portfolio/air-wap1200-wall-ap-1200mbps-dual-band-wall-mount-wireless-ap/index.html]
[airpronetworks.com/wp-content/uploads/2023/05/AIR-WAP605-AX-2.png]
[airpronetworks.com/wp-content/uploads/2024/03/AIR-WAP640.png]
[airpronetworks.com/portfolio/air-wap1200-v2-1200mbps-dual-band-wall-mount-wireless-ap/index.html]
[airpronetworks.com/portfolio/air-wap602-x1-1-75gbps-dual-band-11ax-wi-fi6-in-wall/index.html]
[airpronetworks.com/wp-content/uploads/2023/12/AIR-WAP605AX-R2.jpg]
[airpronetworks.com/portfolio/air-wap605-ax1-1-75gbps-dual-band-11ax-wi-fi6-in-wall/index.html]
[airpronetworks.com/portfolio-category/in-wall-ap/index.html]
[airpronetworks.com/portfolio/air-wap610-ax-3gbps-dual-band-11ax-wi-fi6-in-wall-ap/index.html]
[airpronetworks.com/portfolio/air-wap640-1-75gbps-dual-band-11ax-wi-fi6-in-wall-ap-2/index.html]
[airpronetworks.com/portfolio/air-wap640-1-75gbps-dual-band-11ax-wi-fi6-in-wall-ap/index.html]
[airpronetworks.com/wp-json/wp/v2/portfolio-category/58.json]
[airpronetworks.com/wp-content/uploads/2023/04/AIR-MO750.png]
[airpronetworks.com/portfolio-category/outdoor-access-point/feed/index.html]
[airpronetworks.com/wp-content/uploads/2023/05/Air-AP690IX.png]
[airpronetworks.com/portfolio/air-wap605ax-r2-high-power-enterprise-grade-in-wall-ap-with-1wan-poe-4lan-1-lan-poe-out/index.html]
[airpronetworks.com/wp-content/uploads/2023/04/AIR-AP990ODU.png]
[airpronetworks.com/portfolio-category/outdoor-access-point/index.html]
[airpronetworks.com/portfolio/air-mo750-11ac-750mbps-high-power-outdoor-wireless-ap/index.html]
[airpronetworks.com/portfolio/air-mo1200-1-2gbps-dual-band-11achigh-power-outdoor-access-point/index.html]
[airpronetworks.com/portfolio/air-ap690ix-odu-1-75-gbps-dual-band-11ax-high-power-wi-fi6-outdoor-ap/index.html]
[airpronetworks.com/portfolio/air-ap690ex-odu-1-75-gbps-dual-band-11ax-high-power-wi-fi6-outdoor-ap/index.html]
[airpronetworks.com/wp-json/wp/v2/portfolio-category/76.json]
[airpronetworks.com/portfolio/air-ap990odu-10-100-1000base-t-ethernet-uplink-port/index.html]
[airpronetworks.com/portfolio-category/standard-controller/feed/index.html]
[airpronetworks.com/wp-content/uploads/2024/03/AP-WLC3000.png]
[airpronetworks.com/wp-content/uploads/2024/03/AP-WLC1500.png]
[airpronetworks.com/portfolio-category/standard-controller/index.html]
[airpronetworks.com/portfolio/ap-wlc3608-wireless-lan-controller/index.html]
[airpronetworks.com/portfolio/ap-wlc3606-wireless-lan-controller/index.html]
[airpronetworks.com/portfolio/ap-wlc3000-wireless-lan-controller/index.html]
[airpronetworks.com/portfolio/ap-wlc2000-wireless-lan-controller/index.html]
[airpronetworks.com/portfolio/ap-wlc1500-wireless-lan-controller/index.html]
[airpronetworks.com/portfolio-category/smart-controller/feed/index.html]
[airpronetworks.com/wp-json/wp/v2/portfolio-category/77.json]
[airpronetworks.com/wp-content/uploads/2023/05/AP-WLC7008.png]
[airpronetworks.com/wp-content/uploads/2023/05/AP-WLC7028.png]
[airpronetworks.com/wp-content/uploads/2023/05/AP-WLC7036-2.png]
[airpronetworks.com/wp-content/uploads/2023/05/AP-WLC7045-2.png]
[airpronetworks.com/portfolio/ap-wlc7008-ap-smart-controller-with-6port-gigabit/index.html]
[airpronetworks.com/portfolio/ap-wlc7028-ap-smart-controller-with-24port-gigabit/index.html]
[airpronetworks.com/portfolio-category/smart-controller/index.html]
[airpronetworks.com/portfolio/ap-wlc7036-ap-smart-controller-with-6-ge-ports/index.html]
[airpronetworks.com/wp-json/wp/v2/portfolio-category/78.json]
[airpronetworks.com/portfolio/ap-wlc7045-ap-smart-controller-with-24-gigabit-port/index.html]
[airpronetworks.com/wp-content/uploads/2024/09/AP-S6200-1.jpg]
[airpronetworks.com/portfolio-category/enterprises/feed/index.html]
[airpronetworks.com/wp-content/uploads/2023/05/AP6500-16FX-4XG-Front7-2.png]
[airpronetworks.com/wp-content/uploads/2023/05/AP6500E-52X-4XG-R.png]
[airpronetworks.com/portfolio/ap-s6200/index.html]
[airpronetworks.com/wp-content/uploads/2023/05/AP-BSG6750M-18X-P-6XQ-1.png]
[airpronetworks.com/wp-content/uploads/2023/05/AP-SG4500-24GT-P-4XFP.png]
[airpronetworks.com/portfolio/ap6500e-16x-4xg-r-12ports-1g-sfp-4ports-combo-with-410g-sfp-uplink-1-console-port/index.html]
[airpronetworks.com/portfolio/ap6500e-52x-4xg-r-48ports-1g-sfp-with-410g-uplink-ports-1-console-port/index.html]
[airpronetworks.com/wp-content/uploads/2023/05/AP-BSG6750M-30X-P-4XP2Q-1.png]
[airpronetworks.com/wp-content/uploads/2023/05/AP-BSG6750E-52X-P-R1.png]
[airpronetworks.com/portfolio/ap-bsg6750m-18x-p-6xq-12ports-x1g-2-5g-5g-10gbase-t6-x-10g-25ge-sfp28-ports/index.html]
[airpronetworks.com/portfolio/ap-bsg6750e-28x-p-r1-24ports-10-1000mbps-with-410g-sfp-uplink-1-console-port/index.html]
[airpronetworks.com/wp-content/uploads/2024/02/AP-SG6500E-28F-4XG-R-1.png]
[airpronetworks.com/portfolio/ap-bsg6750m-30x-p-4xp2q-24x100-1000m-2-5gbase-t4-x-10gesfp-2-x-40gqsfp-ports/index.html]
[airpronetworks.com/wp-content/uploads/2023/05/AP-SGXQ7200-24X2Q.png]
[airpronetworks.com/wp-content/uploads/2023/05/AP-SGXQ7200-48X2Q.png]
[airpronetworks.com/portfolio/ap-bsg6750e-52x-p-r1-48ports-100-1000mbps-with-410g-uplink-ports-1-console-port/index.html]
[airpronetworks.com/portfolio/ap-sg6500e-28f-4xg-r-dual-stack-10g-ethernet-routing-fiber-switch/index.html]
[airpronetworks.com/wp-content/uploads/2024/02/AP-SG6200-24XF2Q-2.png]
[airpronetworks.com/portfolio-category/enterprises/index.html]
[airpronetworks.com/portfolio/ap-sgxq7200-24x2q-24ports-10gsfp-with-240g-uplink-ports-1-console-port/index.html]
[airpronetworks.com/portfolio/ap-sgxq7200-48x2q-48ports-10gsfp-with240g-uplink-ports-1-console-port/index.html]
[airpronetworks.com/wp-json/wp/v2/portfolio-category/79.json]
[airpronetworks.com/portfolio/ap-sg6200-24xf2q-100g-ethernet-routing-switch/index.html]
[airpronetworks.com/portfolio-category/access/feed/index.html]
[airpronetworks.com/wp-content/uploads/2023/05/AP-ESG-3010P.png]
[airpronetworks.com/wp-content/uploads/2023/05/AP-ESG3024P.jpg]
[airpronetworks.com/wp-content/uploads/2023/04/AP-ESG3048P-Front-View-1.3.png]
[airpronetworks.com/wp-content/uploads/2023/05/AP-SG4500-12GT-4XFP-1.png]
[airpronetworks.com/wp-content/uploads/2023/05/AP-SG4500-28GT-P-4SFP.png]
[airpronetworks.com/portfolio/ap-esg-3010p-8ports-1000mbps-poe-with-21g-sfp-uplink-1console-port/index.html]
[airpronetworks.com/wp-content/uploads/2023/05/AP-SG4500-28GT-P-4XFP-1.png]
[airpronetworks.com/portfolio/ap-esg3024p-28-port-poe-l2-managed-switch/index.html]
[airpronetworks.com/wp-content/uploads/2023/05/AP-SG4500-10GT-2SFP-1.png]
[airpronetworks.com/portfolio/ap-esg3048p/index.html]
[airpronetworks.com/wp-content/uploads/2023/05/AP-SG4500-12GT-4XFP-2.png]
[airpronetworks.com/portfolio/ap-sg4500-12gt-p-4xfp-l2-10g-intelligent-access-switch/index.html]
[airpronetworks.com/portfolio/ap-sg4500-24gt-p-4sfp-24ports-1000mbps-poe-switch/index.html]
[airpronetworks.com/wp-content/uploads/2023/05/AP-SG4500-28GT-4SFP-1.png]
[airpronetworks.com/wp-content/uploads/2023/05/AP-SG4500-28GT-4XFP-1.png]
[airpronetworks.com/portfolio/ap-sg4500-24gt-p-4xfp-24ports-1000mbps-poe-switch/index.html]
[airpronetworks.com/portfolio/ap-sg4500-10gt-2sfp-8ports-1000mbps-with-21g-sfp-uplink-1-console-port/index.html]
[airpronetworks.com/wp-content/uploads/2023/05/AP-SG4500-52GT-4SFP.png]
[airpronetworks.com/portfolio/ap-sg4500-12gt-4xfp-8ports-1000mbps-with-410g-uplink-ports-1-console-port/index.html]
[airpronetworks.com/wp-content/uploads/2023/05/AP-SG4500-52GT-4XFP.png]
[airpronetworks.com/portfolio/ap-sg4500-28gt-4sfp-24ports-1000mbps-with-41g-uplink-ports-1-console-port/index.html]
[airpronetworks.com/portfolio/ap-sg4500-28gt-4xfp/index.html]
[airpronetworks.com/wp-content/uploads/2023/05/AP-SG5550-24XE.png]
[airpronetworks.com/portfolio-category/access/index.html]
[airpronetworks.com/portfolio/ap-sg4500-52gt-4sfp/index.html]
[airpronetworks.com/portfolio/ap-sg4500-52gt-4xfp/index.html]
[airpronetworks.com/portfolio/ap-sg5550-24xe-24ports-1000mbps-copper-ports-with-410g-uplink-ports1-console-port/index.html]
[airpronetworks.com/wp-json/wp/v2/portfolio-category/63.json]
[airpronetworks.com/portfolio-category/unmanaged-switch/feed/index.html]
[airpronetworks.com/wp-content/uploads/2023/05/AP-ES106P-7.jpg]
[airpronetworks.com/wp-content/uploads/2023/05/AP-ES108P-2GE.jpg]
[airpronetworks.com/wp-content/uploads/2023/05/AP-ES1216-1.jpg]
[airpronetworks.com/wp-content/uploads/2023/05/AP-ESG1906P.jpg]
[airpronetworks.com/portfolio/ap-es106p-4ports-100mbps-poe-with-2100mbps-uplink-ports/index.html]
[airpronetworks.com/wp-content/uploads/2023/05/AP-ESG1906P-2SF.jpg]
[airpronetworks.com/portfolio/ap-es108p-2ge-8ports-100mbps-poe-with-21000mbps-uplink-ports/index.html]
[airpronetworks.com/wp-content/uploads/2023/05/AP-ESG1910P-2GE-1.jpg]
[airpronetworks.com/portfolio/ap-es1216-16ports-100mbps-poe-with-2ge1sfp-uplink-ports/index.html]
[airpronetworks.com/wp-content/uploads/2023/05/AP-ESG1910P-2SF-2.jpg]
[airpronetworks.com/wp-content/uploads/2023/05/AP-GS1008.jpg]
[airpronetworks.com/portfolio/ap-esg1906p-4ports-1000mbps-poe-with-11000mbps-ge-1sfp-uplink-ports/index.html]
[airpronetworks.com/wp-content/uploads/2023/05/AP-GS1016.png]
[airpronetworks.com/portfolio/ap-esg1906-2sf-4ports-1000mbps-poe-with-2sfp-uplink-ports/index.html]
[airpronetworks.com/portfolio/ap-esg1910p-2ge-8ports-1000mbps-poe-with-2ge-uplink-ports/index.html]
[airpronetworks.com/wp-content/uploads/2023/05/AP-GS1024.png]
[airpronetworks.com/portfolio/ap-esg1910p-2sf-10-100-1000m-smart-long-range-poe-switch/index.html]
[airpronetworks.com/portfolio/ap-gs1008-8port-10-100-1000-giga-unmanaged-switch/index.html]
[airpronetworks.com/portfolio-category/unmanaged-switch/index.html]
[airpronetworks.com/portfolio/ap-sg1016-16port-10-100-1000-giga-unmanaged-swtich/index.html]
[airpronetworks.com/portfolio/ap-sg1024-24port-10-100-1000-gigabit-unmanaged-switch/index.html]
[airpronetworks.com/wp-json/wp/v2/portfolio-category/70.json]
[airpronetworks.com/portfolio-category/outdoor-p2p-p2m/feed/index.html]
[airpronetworks.com/wp-content/uploads/2023/04/air-drona.png]
[airpronetworks.com/wp-content/uploads/2023/04/air-lakshya.png]
[airpronetworks.com/wp-content/uploads/2023/04/AIR-BRIDGE-LITE-5.png]
[airpronetworks.com/portfolio/air-lakshya/index.html]
[airpronetworks.com/wp-content/uploads/2023/05/AIR-BRIDGE-LITE-5-1.png]
[airpronetworks.com/portfolio/air-drona/index.html]
[airpronetworks.com/wp-content/uploads/2023/04/air-setu.png]
[airpronetworks.com/portfolio/air-connect-2-300mbps-outdoor-cpe/index.html]
[airpronetworks.com/portfolio-category/outdoor-p2p-p2m/index.html]
[airpronetworks.com/portfolio/air-bridge-lite-5/index.html]
[airpronetworks.com/wp-json/wp/v2/portfolio-category/80.json]
[airpronetworks.com/portfolio/air-setu11ac-wave2-900mbps-5g-high-power-outdoor-ptp-ptm/index.html]
[airpronetworks.com/portfolio/air-dhruv-11ac-900mbps-5g-high-power-outdoor-cpe/index.html]
[airpronetworks.com/wp-content/uploads/2023/05/AP-LT4505N.png]
[airpronetworks.com/portfolio-category/indoor-router/feed/index.html]
[airpronetworks.com/wp-content/uploads/2023/05/AP-LT4525AN.png]
[airpronetworks.com/wp-content/uploads/2023/05/AP-LT130.png]
[airpronetworks.com/portfolio/ap-lt4505n-300mbps-4g-lte-single-sim-router/index.html]
[airpronetworks.com/wp-content/uploads/2024/02/AP-DSG7510-48S6Q-HI.png]
[airpronetworks.com/wp-content/uploads/2023/05/AP-LT100.png]
[airpronetworks.com/portfolio/ap-lt4525an-300mbps-4g-lte-dual-sim-router/index.html]
[airpronetworks.com/portfolio/ap-lte130-300mbps-4g-lte-router/index.html]
[airpronetworks.com/portfolio-category/indoor-router/index.html]
[airpronetworks.com/portfolio/ap-dsg7510-48s6q-hi-40g-data-center-switch/index.html]
[airpronetworks.com/portfolio-category/outdoor-router/feed/index.html]
[airpronetworks.com/portfolio/ap-lt100-4g-lte-industrial-grade-router-with-1wan-1lan-gigabit/index.html]
[airpronetworks.com/wp-json/wp/v2/portfolio-category/81.json]
[airpronetworks.com/portfolio-category/outdoor-router/index.html]
[airpronetworks.com/wp-json/wp/v2/portfolio-category/82.json]
[airpronetworks.com/portfolio-category/media-convertor/feed/index.html]
[airpronetworks.com/portfolio-category/media-convertor/index.html]
[airpronetworks.com/wp-json/wp/v2/portfolio-category/83.json]
[airpronetworks.com/portfolio-category/sfp-transceiver/feed/index.html]
[airpronetworks.com/portfolio-category/sfp-transceiver/index.html]
[airpronetworks.com/wp-json/oembed/1.0/embed6a6d.json]
[airpronetworks.com/wp-json/oembed/1.0/embedb6c8]
[airpronetworks.com/wp-json/wp/v2/pages/697.json]
[airpronetworks.com/contact/index.html]
[airpronetworks.com/wp-json/oembed/1.0/embed9175.json]
[airpronetworks.com/wp-json/oembed/1.0/embedea07]
[airpronetworks.com/wp-json/wp/v2/pages/4211.json]
[airpronetworks.com/datasheet/index.html]
[airpronetworks.com/wp-content/uploads/2024/07/IOT-world.jpg]
[airpronetworks.com/wp-json/oembed/1.0/embedc050.json]
[airpronetworks.com/wp-json/oembed/1.0/embed4998]
[airpronetworks.com/wp-json/wp/v2/pages/5978.json]
[airpronetworks.com/wp-content/uploads/2024/07/logo.png]
[airpronetworks.com/wp-content/uploads/2024/07/tech-1.png]
[airpronetworks.com/wp-content/uploads/2024/07/delameta-logo-2048x433.png.webp]
[airpronetworks.com/wp-content/uploads/2024/07/global.png]
[airpronetworks.com/wp-content/uploads/2024/07/ellipse.png]
[airpronetworks.com/wp-content/uploads/2024/07/komputer.png]
[airpronetworks.com/partner/index.html]
[airpronetworks.com/wp-json/oembed/1.0/embed99f9.json]
[airpronetworks.com/wp-json/oembed/1.0/embed7d6c]
[airpronetworks.com/wp-json/wp/v2/pages/6069.json]
[airpronetworks.com/e-brochures/index.html]
[airpronetworks.com/wp-content/uploads/2024/07/Enterprise-Cloud-699x1024.jpg]
[airpronetworks.com/wp-json/oembed/1.0/embed6dd7.json]
[airpronetworks.com/wp-json/oembed/1.0/embed7077]
[airpronetworks.com/wp-json/wp/v2/pages/6071.json]
[airpronetworks.com/e-mailers/index.html]
[airpronetworks.com/wp-json/wp/v2/portfolio-category/84.json]
[airpronetworks.com/portfolio-category/industrial-poe-switch/feed/index.html]
[airpronetworks.com/wp-content/uploads/2024/11/AP-IGS9014P-1.jpg]
[airpronetworks.com/portfolio-category/industrial-poe-switch/index.html]
[airpronetworks.com/portfolio/4x-gigabit-sfp-optical-ports-8x-10-100-1000m-tx-ports/index.html]
[airpronetworks.com/wp-json/wp/v2/categories/22.json]
[airpronetworks.com/category/router/feed/index.html]
[airpronetworks.com/wp-content/uploads/2023/03/router-750x465.jpg]
[airpronetworks.com/category/router/index.html]
[airpronetworks.com/product-guide/product-guide-2024.pdf]
[airpronetworks.com/wp-content/uploads/2023/03/router.jpg]
[airpronetworks.com/author/admin/index.html]
[airpronetworks.com/wp-json/oembed/1.0/embedb870.json]
[airpronetworks.com/why-airpro-has-the-best-dual-band-wifi-routers-in-india-for-home-office/feed/index.html]
[airpronetworks.com/wp-json/oembed/1.0/embed77b0]
[airpronetworks.com/wp-json/wp/v2/posts/1924.json]
[airpronetworks.com/why-airpro-has-the-best-dual-band-wifi-routers-in-india-for-home-office/index.html]
[airpronetworks.com/category/poe-switch/feed/index.html]
[airpronetworks.com/wp-json/wp/v2/categories/23.json]
[airpronetworks.com/wp-content/uploads/2023/03/poe-switch-750x465.jpg]
[airpronetworks.com/category/poe-switch/index.html]
[airpronetworks.com/wp-content/uploads/2023/03/poe-switch.jpg]
[airpronetworks.com/wp-json/oembed/1.0/embedfe33.json]
[airpronetworks.com/what-is-a-poe-switch-and-why-use-it-how-does-power-over-ethernet-switch-work/feed/index.html]
[airpronetworks.com/wp-json/oembed/1.0/embedea54]
[airpronetworks.com/wp-json/wp/v2/posts/1914.json]
[www.veracityglobal.com/media/78155/poe-explained-one-diagram-one.224.delayed]
[airpronetworks.com/what-is-a-poe-switch-and-why-use-it-how-does-power-over-ethernet-switch-work/index.html]
[airpronetworks.com/wp-json/wp/v2/categories/21.json]
[airpronetworks.com/wp-content/uploads/2023/05/warehouse-wifi-750x465.jpg]
[airpronetworks.com/category/wi-fi-6/index.html]
[airpronetworks.com/category/wi-fi-6/feed/index.html]
[airpronetworks.com/wp-content/uploads/2023/05/warehouse-wifi.jpg]
[airpronetworks.com/wp-json/oembed/1.0/embed7233.json]
[airpronetworks.com/attentive-was-born-in-2015-help-sales-teams/feed/index.html]
[airpronetworks.com/wp-json/oembed/1.0/embed3da5]
[airpronetworks.com/wp-json/wp/v2/posts/1276.json]
[airpronetworks.com/attentive-was-born-in-2015-help-sales-teams/index.html]
[airpronetworks.com/wp-content/uploads/2018/07/info-img-1.png]
[airpronetworks.com/tag/airpro-wifi-6-router/index.html]
[airpronetworks.com/wp-json/oembed/1.0/embedee51.json]
[airpronetworks.com/wp-json/oembed/1.0/embed15d5]
[airpronetworks.com/wp-json/wp/v2/pages/463.json]
[airpronetworks.com/wp-content/uploads/2018/07/icon-1.png]
[airpronetworks.com/wp-content/uploads/2018/07/icon-2.png]
[airpronetworks.com/wp-content/uploads/2023/03/wifi2.png]
[airpronetworks.com/wp-content/uploads/2023/03/wifi.png]
[airpronetworks.com/wp-content/uploads/2023/04/AP6500E-52X-4XG-R-V1-1024x632.jpg]
[airpronetworks.com/wp-content/uploads/2023/04/AP605C-AX.jpg]
[airpronetworks.com/wp-content/uploads/2023/04/AP690EX-ODU.jpg]
[airpronetworks.com/wp-content/uploads/2023/04/finger-touching-phone-with-wifi-1024x683.jpg]
[airpronetworks.com/wp-content/uploads/2023/04/man-with-tablet-1024x684.jpg]
[airpronetworks.com/wp-content/uploads/2023/04/friends-with-wifi-signal-icon-1024x1016.jpg]
[airpronetworks.com/about/index.html]
[airpronetworks.com/wp-json/oembed/1.0/embedde70.json]
[airpronetworks.com/wp-json/oembed/1.0/embed6155]
[airpronetworks.com/wp-json/wp/v2/pages/615.json]
[airpronetworks.com/privacy-policy]
[airpronetworks.com/privacy/index.html]
[airpronetworks.com/wp-json/wp/v2/portfolio-category/57.json]
[airpronetworks.com/portfolio-category/poe-switch/feed/index.html]
[airpronetworks.com/wp-content/uploads/2023/05/AP-ES1024P.png]
[airpronetworks.com/portfolio-category/poe-switch/index.html]
[airpronetworks.com/wp-json/wp/v2/portfolio-category/59.json]
[airpronetworks.com/portfolio/ap-es1024p-24ports-100mbps-poe-with-2ge1sfp-uplink-ports/index.html]
[airpronetworks.com/portfolio-category/poe-l2-l3-managed-switch/index.html]
[airpronetworks.com/portfolio-category/poe-l2-l3-managed-switch/feed/index.html]
[airpronetworks.com/wp-json/wp/v2/portfolio-category/60.json]
[airpronetworks.com/portfolio-category/l2-l3-managed-switch/feed/index.html]
[airpronetworks.com/portfolio-category/l2-l3-managed-switch/index.html]
[airpronetworks.com/wp-json/wp/v2/portfolio-category/61.json]
[airpronetworks.com/portfolio-category/home-routers/feed/index.html]
[airpronetworks.com/wp-content/uploads/2023/05/AIRBGN1122.png]
[airpronetworks.com/portfolio-category/home-routers/index.html]
[airpronetworks.com/portfolio-category/fiber-access/feed/index.html]
[airpronetworks.com/portfolio/airbgn1122-300mbps-broadband-router-with-25dbi-antenna/index.html]
[airpronetworks.com/wp-json/wp/v2/portfolio-category/64.json]
[airpronetworks.com/portfolio-category/fiber-access/index.html]
[airpronetworks.com/wp-json/wp/v2/portfolio-category/68.json]
[airpronetworks.com/portfolio-category/lte-and-4g-cpes/feed/index.html]
[airpronetworks.com/portfolio-category/lte-and-4g-cpes/index.html]
[airpronetworks.com/wp-content/themes/hostinza/assets/images/flags/006-united-states.svg]
[airpronetworks.com/wp-content/themes/hostinza/assets/images/flags/002-canada.svg]
[airpronetworks.com/wp-content/themes/hostinza/assets/images/flags/003-vietnam.svg]
[airpronetworks.com/wp-content/themes/hostinza/assets/images/flags/004-france.svg]
[airpronetworks.com/wp-content/themes/hostinza/assets/images/flags/005-germany.svg]
[airpronetworks.com/wp-content/uploads/elementor/css/post-43523c12.css]
[airpronetworks.com/wp-content/plugins/elementor/assets/css/widget-image-box.min1678.css]
[airpronetworks.com/wp-content/uploads/elementor/css/post-44193c12.css]
[airpronetworks.com/wp-content/uploads/elementor/css/post-44493c12.css]
[airpronetworks.com/wp-content/uploads/elementor/css/post-44543c12.css]
[airpronetworks.com/wp-content/uploads/elementor/css/post-44593c12.css]
[airpronetworks.com/wp-content/uploads/elementor/css/post-44643c12.css]
[airpronetworks.com/wp-content/plugins/interactive-geo-maps/assets/public/css/styles.min942d.css]
[airpronetworks.com/wp-content/plugins/elementskit-lite/modules/elementskit-icon-pack/assets/css/ekiticons657a.css]
[airpronetworks.com/wp-content/plugins/revslider/public/assets/fonts/revicons/revicons90c6.eot]
[airpronetworks.com/wp-content/plugins/revslider/public/assets/fonts/revicons/revicons90c6.woff]
[airpronetworks.com/wp-content/plugins/revslider/public/assets/fonts/revicons/revicons90c6.ttf]
[airpronetworks.com/wp-content/plugins/revslider/public/assets/fonts/revicons/revicons90c6.svg]
[airpronetworks.com/wp-content/plugins/revslider/public/assets/assets/gridtile.png]
[airpronetworks.com/wp-content/plugins/revslider/public/assets/assets/gridtile_white.png]
[airpronetworks.com/wp-content/plugins/revslider/public/assets/assets/gridtile_3x3.png]
[airpronetworks.com/wp-content/plugins/revslider/public/assets/assets/gridtile_3x3_white.png]
[airpronetworks.com/wp-content/plugins/revslider/public/assets/assets/coloredbg.png]
[airpronetworks.com/wp-content/plugins/elementskit-lite/modules/elementskit-icon-pack/assets/fonts/elementskitf60a.woff]
[airpronetworks.com/wp-content/plugins/revslider/public/assets/assets/loader.gif]
[airpronetworks.com/wp-content/plugins/revslider/public/assets/css/rs6b02e.css]
[airpronetworks.com/wp-content/plugins/elementskit-lite/widgets/init/assets/js/widget-scripts657a.js]
[airpronetworks.com/wp-includes/js/dist/hooks.min394d.js]
[airpronetworks.com/wp-includes/js/dist/i18n.mineca5.js]
[airpronetworks.com/t]
[airpronetworks.com/wp-content/plugins/contact-form-7/includes/swv/js/indexb5e1.js]
[airpronetworks.com/wp-content/plugins/contact-form-7/includes/js/indexb5e1.js]
[airpronetworks.com/wp-content/plugins/gallery-with-thumbnail-slider/includes/js/lightslider7ae5.js]
[airpronetworks.com/wp-content/plugins/gallery-with-thumbnail-slider/includes/js/picturefill.min7ae5.js]
[airpronetworks.com/wp-content/plugins/gallery-with-thumbnail-slider/includes/js/jquery.mousewheel.min7ae5.js]
[airpronetworks.com/wp-content/plugins/gallery-with-thumbnail-slider/includes/js/lightgallery-all.min7ae5.js]
[airpronetworks.com/wp-content/plugins/gallery-with-thumbnail-slider/includes/js/dompurify.min005e.js]
[airpronetworks.com/wp-content/plugins/gallery-with-thumbnail-slider/includes/js/gwts-lightgallery-sanitize7ae5.js]
[airpronetworks.com/wp-content/plugins/gallery-with-thumbnail-slider/includes/js/gwts.zoom.min7ae5.js]
[airpronetworks.com/wp-content/themes/hostinza/assets/js/tweetie8717.js]
[airpronetworks.com/wp-content/plugins/3d-flipbook-dflip-lite/assets/js/dflip.minb084.js]
[airpronetworks.com/wp-content/plugins/elementskit-lite/widgets/init/assets/js/jquery.magnific-popup.min657a.js]
[airpronetworks.com/wp-content/themes/hostinza/assets/js/navigation.min76ed.js]
[airpronetworks.com/wp-content/themes/hostinza/assets/js/jquery-ui.min76ed.js]
[airpronetworks.com/wp-content/themes/hostinza/assets/js/tweetie55ef.js]
[airpronetworks.com/wp-content/themes/hostinza/assets/js/owl.carousel.min76ed.js]
[airpronetworks.com/wp-content/themes/hostinza/assets/js/shuffle-letters76ed.js]
[airpronetworks.com/wp-content/themes/hostinza/assets/js/jquery.ajaxchimp.min76ed.js]
[airpronetworks.com/wp-content/themes/hostinza/assets/js/wow.min76ed.js]
[airpronetworks.com/wp-content/themes/hostinza/assets/js/hostslide76ed.js]
[airpronetworks.com/wp-content/themes/hostinza/assets/js/Popper76ed.js]
[airpronetworks.com/wp-content/themes/hostinza/assets/js/main76ed.js]
[airpronetworks.com/popper.263.delayed]
[airpronetworks.com/wp-content/themes/hostinza/assets/js/bootstrap.min76ed.js]
[airpronetworks.com/l]
[airpronetworks.com/t.params.url]
[airpronetworks.com/wp-content/plugins/elementor/assets/lib/swiper/v8/swiper.min94a4.js]
[airpronetworks.com/wp-content/plugins/elementor/assets/js/webpack.runtime.min1678.js]
[airpronetworks.com/wp-content/plugins/elementor/assets/js/frontend-modules.min1678.js]
[airpronetworks.com/wp-includes/js/jquery/ui/core.minb37e.js]
[airpronetworks.com/wp-content/plugins/elementor/assets/js/frontend.min1678.js]
[airpronetworks.com/wp-content/plugins/interactive-geo-maps/assets/public/map-service/app.min942d.js]
[airpronetworks.com/wp-content/plugins/elementor-pro/assets/js/webpack-pro.runtime.min2f56.js]
[airpronetworks.com/wp-content/plugins/elementor-pro/assets/js/frontend.min2f56.js]
[airpronetworks.com/OPR/index.html]
[airpronetworks.com/region/usa/index.html]
[airpronetworks.com/region/world/index.html]
[airpronetworks.com/document.268.delayed]
[airpronetworks.com/wp-content/plugins/elementor-pro/assets/js/preloaded-elements-handlers.min2f56.js]
[airpronetworks.com/wp-content/themes/hostinza/assets/js/elementor76ed.js]
[airpronetworks.com/e,window.location.269.delayed]
[airpronetworks.com/wp-content/plugins/elementskit-lite/widgets/init/assets/js/elementor657a.js]
[airpronetworks.com/wp-content/plugins/3d-flipbook-dflip-lite/assets/index.html]
[airpronetworks.com/wp-content/plugins/gallery-with-thumbnail-slider/includes/css/img/link.html]
[airpronetworks.com/wp-content/plugins/gallery-with-thumbnail-slider/includes/fonts/lgd641.svg]
[airpronetworks.com/wp-content/plugins/tlp-portfolio/assets/vendor/fontello/fontelloee52.svg]
[airpronetworks.com/wp-content/themes/hostinza/assets/images/banner.html]
[airpronetworks.com/wp-content/themes/hostinza/assets/css/owl.video.play.html]
[airpronetworks.com/wp-content/themes/hostinza/assets/fonts/domain-checker/glyphicons-halflings-regular.svg]
[airpronetworks.com/wp-content/themes/hostinza/assets/fonts/iconfont1da0.svg]
[airpronetworks.com/wp-content/plugins/elementor/assets/lib/font-awesome/fonts/fontawesome-webfont3e6e.svg]
[airpronetworks.com/wp-content/plugins/elementor/assets/lib/eicons/fonts/eicons9930.svg]
[airpronetworks.com/wp-content/plugins/elementor/assets/lib/font-awesome/webfonts/fa-brands-400.svg]
[airpronetworks.com/wp-content/plugins/elementor/assets/lib/font-awesome/webfonts/fa-regular-400.svg]
[airpronetworks.com/wp-content/plugins/elementor/assets/lib/font-awesome/webfonts/fa-solid-900.svg]
[airpronetworks.com/wp-content/plugins/elementskit-lite/widgets/init/assets/img/cross-out.svg]
[airpronetworks.com/dummy.html]
[airpronetworks.com/origin=https_/index.html]
[airpronetworks.com/Trident/index.html]
[airpronetworks.com/wp-content/uploads/elementor/css/post-6814c39e.css]
[airpronetworks.com/indexfab0.html]
[airpronetworks.com/wp-content/themes/hostinza/assets/js/tweetie777d.js]
[airpronetworks.com/wp-json/oembed/1.0/embed28a6.json]
[airpronetworks.com/wp-json/oembed/1.0/embedbf63]
[airpronetworks.com/wp-json/wp/v2/portfolio/2409.json]
[airpronetworks.com/portfolio/ap-wac2100-v1-1200mbps-11ac-high-power-ceiling-mount-ap/index.html]
[airpronetworks.com/wp-json/oembed/1.0/embedc7d9.json]
[airpronetworks.com/wp-json/oembed/1.0/embed7abc]
[airpronetworks.com/wp-json/wp/v2/portfolio/2412.json]
[airpronetworks.com/portfolio/ap-wac2100-v2-1200mbps-11ac-high-power-ceiling-mount-ap/index.html]
[airpronetworks.com/wp-json/oembed/1.0/embedd387.json]
[airpronetworks.com/wp-json/oembed/1.0/embed0b55]
[airpronetworks.com/wp-json/wp/v2/portfolio/1798.json]
[airpronetworks.com/wp-content/uploads/2023/03/ap.png]
[airpronetworks.com/portfolio/air-ap605c-x1-dual-band-11ax-wi-fi-ceiling-mount-ap/index.html]
[airpronetworks.com/wp-json/oembed/1.0/embed04a7.json]
[airpronetworks.com/wp-json/oembed/1.0/embedafb2]
[airpronetworks.com/wp-json/wp/v2/portfolio/2397.json]
[airpronetworks.com/portfolio/air-ap605c-ax-dual-band-high-performance-gigabit-wireless-access-point/index.html]
[airpronetworks.com/wp-json/oembed/1.0/embed2310.json]
[airpronetworks.com/wp-json/oembed/1.0/embed7da7]
[airpronetworks.com/wp-json/wp/v2/portfolio/2393.json]
[airpronetworks.com/portfolio/air-ap610c-ax-indoor-802-11ax-wi-fi6-dual-band-enterprises-ap/index.html]
[airpronetworks.com/wp-json/oembed/1.0/embedc699.json]
[airpronetworks.com/wp-json/oembed/1.0/embedbde1]
[airpronetworks.com/wp-json/wp/v2/portfolio/2402.json]
[airpronetworks.com/portfolio/air-ap620c-ax-indoor-802-11ax-wi-fi6-dual-band-enterprise-ap/index.html]
[airpronetworks.com/wp-json/oembed/1.0/embedcbbe.json]
[airpronetworks.com/wp-json/oembed/1.0/embed5bb4]
[airpronetworks.com/wp-json/wp/v2/portfolio/2404.json]
[airpronetworks.com/portfolio/air-ap940-2-96gbps-dual-band-11ax-wi-fi-ceiling-mount-ap/index.html]
[airpronetworks.com/wp-json/oembed/1.0/embede7e6.json]
[airpronetworks.com/wp-json/oembed/1.0/embed77e0]
[airpronetworks.com/wp-json/wp/v2/portfolio/3321.json]
[airpronetworks.com/portfolio/air-ap520-1-75gbps-dual-band-11ax-wi-fi6-ceiling-mount-ap/index.html]
[airpronetworks.com/wp-json/oembed/1.0/embedecf2.json]
[airpronetworks.com/wp-json/oembed/1.0/embed5c7a]
[airpronetworks.com/wp-json/wp/v2/portfolio/5308.json]
[airpronetworks.com/portfolio/air-ap530-3/index.html]
[airpronetworks.com/wp-json/oembed/1.0/embeda063.json]
[airpronetworks.com/wp-json/oembed/1.0/embed11b3]
[airpronetworks.com/wp-json/wp/v2/portfolio/5324.json]
[airpronetworks.com/portfolio/air-ap545-3-6gbps-11ax-wifi6-ceiling-ap/index.html]
[airpronetworks.com/wp-content/themes/hostinza/assets/js/tweetie2453.js]
[airpronetworks.com/wp-json/oembed/1.0/embed6c5b.json]
[airpronetworks.com/wp-json/oembed/1.0/embed491a]
[airpronetworks.com/wp-json/wp/v2/portfolio/1761.json]
[airpronetworks.com/wp-content/uploads/2023/04/WAP1100.png]
[airpronetworks.com/portfolio/air-wap2750e-750mbps-dual-band-wall-mount-wireless-ap/index.html]
[airpronetworks.com/wp-json/oembed/1.0/embedea03.json]
[airpronetworks.com/wp-json/oembed/1.0/embedc150]
[airpronetworks.com/wp-json/wp/v2/portfolio/2419.json]
[airpronetworks.com/wp-content/uploads/2023/04/AIR-WAP1200.png]
[airpronetworks.com/portfolio/air-wap1200-wall-ap-1200mbps-dual-band-wall-mount-wireless-ap/index.html]
[airpronetworks.com/wp-json/oembed/1.0/embed546c.json]
[airpronetworks.com/wp-json/oembed/1.0/embed388a]
[airpronetworks.com/wp-json/wp/v2/portfolio/5343.json]
[airpronetworks.com/wp-content/uploads/2024/03/WAP2750E-1-1.png]
[airpronetworks.com/portfolio/air-wap1200-v2-1200mbps-dual-band-wall-mount-wireless-ap/index.html]
[airpronetworks.com/wp-json/oembed/1.0/embedf775.json]
[airpronetworks.com/wp-json/oembed/1.0/embede2c8]
[airpronetworks.com/wp-json/wp/v2/portfolio/2538.json]
[airpronetworks.com/portfolio/air-wap602-x1-1-75gbps-dual-band-11ax-wi-fi6-in-wall/index.html]
[airpronetworks.com/wp-json/oembed/1.0/embed50d8.json]
[airpronetworks.com/wp-json/oembed/1.0/embedd35b]
[airpronetworks.com/wp-json/wp/v2/portfolio/2541.json]
[airpronetworks.com/wp-content/uploads/2023/05/AIR-WAP605-AX-1.png]
[airpronetworks.com/portfolio/air-wap605-ax1-1-75gbps-dual-band-11ax-wi-fi6-in-wall/index.html]
[airpronetworks.com/wp-json/oembed/1.0/embed04a2.json]
[airpronetworks.com/wp-json/oembed/1.0/embed0331]
[airpronetworks.com/wp-json/wp/v2/portfolio/5381.json]
[airpronetworks.com/portfolio/air-wap610-ax-3gbps-dual-band-11ax-wi-fi6-in-wall-ap/index.html]
[airpronetworks.com/wp-json/oembed/1.0/embedab70.json]
[airpronetworks.com/wp-json/oembed/1.0/embedf68b]
[airpronetworks.com/wp-json/wp/v2/portfolio/5407.json]
[airpronetworks.com/portfolio/air-wap640-1-75gbps-dual-band-11ax-wi-fi6-in-wall-ap-2/index.html]
[airpronetworks.com/wp-json/oembed/1.0/embed519c.json]
[airpronetworks.com/wp-json/oembed/1.0/embeddda4]
[airpronetworks.com/wp-json/wp/v2/portfolio/5395.json]
[airpronetworks.com/portfolio/air-wap640-1-75gbps-dual-band-11ax-wi-fi6-in-wall-ap/index.html]
[airpronetworks.com/wp-json/oembed/1.0/embed4210.json]
[airpronetworks.com/portfolio/ap-lb1000-5port-gigabit-with-1wange4lan-ge-router/index.html]
[airpronetworks.com/wp-json/oembed/1.0/embed5de5]
[airpronetworks.com/wp-json/wp/v2/portfolio/5017.json]
[airpronetworks.com/wp-content/uploads/2023/12/AIR-WAP605AX-R2-back.jpg]
[airpronetworks.com/portfolio/air-wap605ax-r2-high-power-enterprise-grade-in-wall-ap-with-1wan-poe-4lan-1-lan-poe-out/index.html]
[airpronetworks.com/wp-content/themes/hostinza/assets/js/tweetieb5f3.js]
[airpronetworks.com/wp-json/oembed/1.0/embed3b1a.json]
[airpronetworks.com/wp-json/oembed/1.0/embed41f1]
[airpronetworks.com/wp-json/wp/v2/portfolio/2424.json]
[airpronetworks.com/portfolio/air-mo750-11ac-750mbps-high-power-outdoor-wireless-ap/index.html]
[airpronetworks.com/wp-json/oembed/1.0/embedf4c5.json]
[airpronetworks.com/wp-json/oembed/1.0/embed6bc9]
[airpronetworks.com/wp-json/wp/v2/portfolio/2431.json]
[airpronetworks.com/portfolio/air-mo1200-1-2gbps-dual-band-11achigh-power-outdoor-access-point/index.html]
[airpronetworks.com/wp-json/oembed/1.0/embedec7b.json]
[airpronetworks.com/wp-json/oembed/1.0/embede77d]
[airpronetworks.com/wp-json/wp/v2/portfolio/2832.json]
[airpronetworks.com/wp-content/uploads/2023/04/AP690IX.png]
[airpronetworks.com/portfolio/air-ap690ix-odu-1-75-gbps-dual-band-11ax-high-power-wi-fi6-outdoor-ap/index.html]
[airpronetworks.com/wp-json/oembed/1.0/embed8713.json]
[airpronetworks.com/wp-json/oembed/1.0/embed675b]
[airpronetworks.com/wp-json/wp/v2/portfolio/2850.json]
[airpronetworks.com/portfolio/air-ap690ex-odu-1-75-gbps-dual-band-11ax-high-power-wi-fi6-outdoor-ap/index.html]
[airpronetworks.com/wp-json/oembed/1.0/embed8bf5.json]
[airpronetworks.com/wp-json/oembed/1.0/embed2d92]
[airpronetworks.com/wp-json/wp/v2/portfolio/2434.json]
[airpronetworks.com/wp-content/uploads/2023/04/AIR-AP990ODU.jpg]
[airpronetworks.com/portfolio/air-ap990odu-10-100-1000base-t-ethernet-uplink-port/index.html]
[airpronetworks.com/wp-content/themes/hostinza/assets/js/tweetie046d.js]
[airpronetworks.com/wp-json/oembed/1.0/embeda33e.json]
[airpronetworks.com/wp-json/oembed/1.0/embed0b8c]
[airpronetworks.com/wp-json/wp/v2/portfolio/5540.json]
[airpronetworks.com/datasheet-pdf/AP-WLC3608.pdf]
[airpronetworks.com/portfolio/ap-wlc3608-wireless-lan-controller/index.html]
[airpronetworks.com/wp-json/oembed/1.0/embedf52a.json]
[airpronetworks.com/wp-json/oembed/1.0/embed9b31]
[airpronetworks.com/wp-json/wp/v2/portfolio/5535.json]
[airpronetworks.com/datasheet-pdf/AP-WLC3606.pdf]
[airpronetworks.com/portfolio/ap-wlc3606-wireless-lan-controller/index.html]
[airpronetworks.com/wp-json/oembed/1.0/embed68b0.json]
[airpronetworks.com/wp-json/oembed/1.0/embed552a]
[airpronetworks.com/wp-json/wp/v2/portfolio/5525.json]
[airpronetworks.com/datasheet-pdf/AP-WLC3000.pdf]
[airpronetworks.com/portfolio/ap-wlc3000-wireless-lan-controller/index.html]
[airpronetworks.com/wp-json/oembed/1.0/embed11c6.json]
[airpronetworks.com/wp-json/oembed/1.0/embed69db]
[airpronetworks.com/wp-json/wp/v2/portfolio/5514.json]
[airpronetworks.com/portfolio/ap-wlc2000-wireless-lan-controller/index.html]
[airpronetworks.com/wp-json/oembed/1.0/embed927d.json]
[airpronetworks.com/wp-json/oembed/1.0/embed2413]
[airpronetworks.com/wp-json/wp/v2/portfolio/5493.json]
[airpronetworks.com/portfolio/ap-wlc1500-wireless-lan-controller/index.html]
[airpronetworks.com/wp-content/themes/hostinza/assets/js/tweetiefee3.js]
[airpronetworks.com/wp-json/oembed/1.0/embed1e20.json]
[airpronetworks.com/wp-json/oembed/1.0/embeda243]
[airpronetworks.com/wp-json/wp/v2/portfolio/2544.json]
[airpronetworks.com/portfolio/ap-wlc7008-ap-smart-controller-with-6port-gigabit/index.html]
[airpronetworks.com/wp-json/oembed/1.0/embeda9cd.json]
[airpronetworks.com/wp-json/oembed/1.0/embede05a]
[airpronetworks.com/wp-json/wp/v2/portfolio/2549.json]
[airpronetworks.com/wp-content/uploads/2023/05/AP-WLC7028-1.png]
[airpronetworks.com/portfolio/ap-wlc7028-ap-smart-controller-with-24port-gigabit/index.html]
[airpronetworks.com/wp-json/oembed/1.0/embedce17.json]
[airpronetworks.com/wp-json/oembed/1.0/embed77a4]
[airpronetworks.com/wp-json/wp/v2/portfolio/2552.json]
[airpronetworks.com/wp-content/uploads/2023/05/AP-WLC7036-1.png]
[airpronetworks.com/portfolio/ap-wlc7036-ap-smart-controller-with-6-ge-ports/index.html]
[airpronetworks.com/wp-json/oembed/1.0/embedba04.json]
[airpronetworks.com/wp-json/oembed/1.0/embed239c]
[airpronetworks.com/wp-json/wp/v2/portfolio/2555.json]
[airpronetworks.com/wp-content/uploads/2023/05/AP-WLC7045-1.png]
[airpronetworks.com/portfolio/ap-wlc7045-ap-smart-controller-with-24-gigabit-port/index.html]
[airpronetworks.com/wp-content/themes/hostinza/assets/js/tweetie07b0.js]
[airpronetworks.com/wp-json/oembed/1.0/embedceff.json]
[airpronetworks.com/wp-json/oembed/1.0/embed4044]
[airpronetworks.com/wp-json/wp/v2/portfolio/6185.json]
[airpronetworks.com/portfolio/ap-s6200/index.html]
[airpronetworks.com/wp-json/oembed/1.0/embed981d.json]
[airpronetworks.com/wp-json/oembed/1.0/embed71ba]
[airpronetworks.com/wp-json/wp/v2/portfolio/2666.json]
[airpronetworks.com/wp-content/uploads/2023/05/AP6500-16FX-4XG-Front7-4.png]
[airpronetworks.com/wp-content/uploads/2023/05/AP6500-16FX-4XG-Front9-1.png]
[airpronetworks.com/wp-content/uploads/2023/05/AP6500-16FX-4XG-Side1-1.png]
[airpronetworks.com/wp-content/uploads/2023/05/AP6500-16X-4XG-Back1-1.png]
[airpronetworks.com/portfolio/ap6500e-16x-4xg-r-12ports-1g-sfp-4ports-combo-with-410g-sfp-uplink-1-console-port/index.html]
[airpronetworks.com/datasheet-pdf/AP6500E-16X-4XG-R.pdf]
[airpronetworks.com/wp-json/oembed/1.0/embedf808.json]
[airpronetworks.com/wp-json/oembed/1.0/embed8f0d]
[airpronetworks.com/wp-json/wp/v2/portfolio/2671.json]
[airpronetworks.com/portfolio/ap6500e-52x-4xg-r-48ports-1g-sfp-with-410g-uplink-ports-1-console-port/index.html]
[airpronetworks.com/datasheet-pdf/AP6500E-52X-4XG-R.pdf]
[airpronetworks.com/wp-json/oembed/1.0/embed2c20.json]
[airpronetworks.com/wp-json/oembed/1.0/embed599f]
[airpronetworks.com/wp-json/wp/v2/portfolio/2634.json]
[airpronetworks.com/datasheet-pdf/AP-BSG6750M-18X-P-6XQ.pdf]
[airpronetworks.com/portfolio/ap-bsg6750m-18x-p-6xq-12ports-x1g-2-5g-5g-10gbase-t6-x-10g-25ge-sfp28-ports/index.html]
[airpronetworks.com/wp-json/oembed/1.0/embedaef7.json]
[airpronetworks.com/wp-json/oembed/1.0/embed34e2]
[airpronetworks.com/wp-json/wp/v2/portfolio/2628.json]
[airpronetworks.com/portfolio/ap-bsg6750e-28x-p-r1-24ports-10-1000mbps-with-410g-sfp-uplink-1-console-port/index.html]
[airpronetworks.com/wp-json/oembed/1.0/embed276e.json]
[airpronetworks.com/wp-json/oembed/1.0/embed67e9]
[airpronetworks.com/wp-json/wp/v2/portfolio/2637.json]
[airpronetworks.com/datasheet-pdf/AP-BSG6750M-30X-P-4XP2Q.pdf]
[airpronetworks.com/portfolio/ap-bsg6750m-30x-p-4xp2q-24x100-1000m-2-5gbase-t4-x-10gesfp-2-x-40gqsfp-ports/index.html]
[airpronetworks.com/wp-json/oembed/1.0/embedc684.json]
[airpronetworks.com/wp-json/oembed/1.0/embed8f74]
[airpronetworks.com/wp-json/wp/v2/portfolio/2631.json]
[airpronetworks.com/datasheet-pdf/AP-BSG6750E-52X-P-R1.pdf]
[airpronetworks.com/portfolio/ap-bsg6750e-52x-p-r1-48ports-100-1000mbps-with-410g-uplink-ports-1-console-port/index.html]
[airpronetworks.com/wp-json/oembed/1.0/embed4922.json]
[airpronetworks.com/wp-json/oembed/1.0/embed83d4]
[airpronetworks.com/wp-json/wp/v2/portfolio/5061.json]
[airpronetworks.com/portfolio/ap-sg6500e-28f-4xg-r-dual-stack-10g-ethernet-routing-fiber-switch/index.html]
[airpronetworks.com/wp-json/oembed/1.0/embed3f7d.json]
[airpronetworks.com/wp-json/oembed/1.0/embed7c77]
[airpronetworks.com/datasheet-pdf/AP-SG6500E-28F-4XG-R.pdf]
[airpronetworks.com/wp-json/wp/v2/portfolio/2675.json]
[airpronetworks.com/portfolio/ap-sgxq7200-24x2q-24ports-10gsfp-with-240g-uplink-ports-1-console-port/index.html]
[airpronetworks.com/wp-json/oembed/1.0/embed6faa.json]
[airpronetworks.com/wp-json/oembed/1.0/embed2cf6]
[airpronetworks.com/wp-json/wp/v2/portfolio/2677.json]
[airpronetworks.com/portfolio/ap-sgxq7200-48x2q-48ports-10gsfp-with240g-uplink-ports-1-console-port/index.html]
[airpronetworks.com/wp-json/oembed/1.0/embed6670.json]
[airpronetworks.com/wp-json/oembed/1.0/embeddfd5]
[airpronetworks.com/wp-json/wp/v2/portfolio/5073.json]
[airpronetworks.com/wp-content/uploads/2024/02/AP-SG6200-24XF2Q-3.png]
[airpronetworks.com/portfolio/ap-sg6200-24xf2q-100g-ethernet-routing-switch/index.html]
[airpronetworks.com/wp-content/themes/hostinza/assets/js/tweetie386c.js]
[airpronetworks.com/wp-json/oembed/1.0/embeda66f.json]
[airpronetworks.com/wp-json/oembed/1.0/embed5562]
[airpronetworks.com/wp-json/wp/v2/portfolio/2612.json]
[airpronetworks.com/portfolio/ap-esg-3010p-8ports-1000mbps-poe-with-21g-sfp-uplink-1console-port/index.html]
[airpronetworks.com/wp-json/oembed/1.0/embeda6a6.json]
[airpronetworks.com/wp-json/oembed/1.0/embed4d45]
[airpronetworks.com/wp-json/wp/v2/portfolio/2618.json]
[airpronetworks.com/portfolio/ap-esg3024p-28-port-poe-l2-managed-switch/index.html]
[airpronetworks.com/wp-json/oembed/1.0/embed67c4.json]
[airpronetworks.com/wp-json/oembed/1.0/embed5d21]
[airpronetworks.com/wp-json/wp/v2/portfolio/2317.json]
[airpronetworks.com/wp-content/uploads/2023/04/AP-ESG3048P-_Back_Side_1.3.png]
[airpronetworks.com/wp-content/uploads/2023/04/AP-ESG3048P-Back-Side1.7.png]
[airpronetworks.com/wp-content/uploads/2023/04/AP-ESG3048P-Left-Side-View1.png]
[airpronetworks.com/wp-content/uploads/2023/04/AP-ESG3048P-Top-View1.png]
[airpronetworks.com/portfolio/ap-esg3048p/index.html]
[airpronetworks.com/wp-json/oembed/1.0/embed1566.json]
[airpronetworks.com/wp-json/oembed/1.0/embed62c3]
[airpronetworks.com/wp-json/wp/v2/portfolio/2615.json]
[airpronetworks.com/portfolio/ap-sg4500-12gt-p-4xfp-l2-10g-intelligent-access-switch/index.html]
[airpronetworks.com/wp-json/oembed/1.0/embedaf25.json]
[airpronetworks.com/wp-json/oembed/1.0/embedd43c]
[airpronetworks.com/wp-json/wp/v2/portfolio/2621.json]
[airpronetworks.com/portfolio/ap-sg4500-24gt-p-4sfp-24ports-1000mbps-poe-switch/index.html]
[airpronetworks.com/wp-json/oembed/1.0/embed598f.json]
[airpronetworks.com/wp-json/oembed/1.0/embedb5e7]
[airpronetworks.com/wp-json/wp/v2/portfolio/2624.json]
[airpronetworks.com/datasheet-pdf/AP-SG4500-24GT-P-4XFP.pdf]
[airpronetworks.com/portfolio/ap-sg4500-24gt-p-4xfp-24ports-1000mbps-poe-switch/index.html]
[airpronetworks.com/wp-json/oembed/1.0/embed9ec2.json]
[airpronetworks.com/wp-json/oembed/1.0/embede2e6]
[airpronetworks.com/wp-json/wp/v2/portfolio/2640.json]
[airpronetworks.com/datasheet-pdf/AP-SG4500-10GT-2SFP.pdf]
[airpronetworks.com/portfolio/ap-sg4500-10gt-2sfp-8ports-1000mbps-with-21g-sfp-uplink-1-console-port/index.html]
[airpronetworks.com/wp-json/oembed/1.0/embedcd02.json]
[airpronetworks.com/wp-json/oembed/1.0/embed04ae]
[airpronetworks.com/wp-json/wp/v2/portfolio/2643.json]
[airpronetworks.com/portfolio/ap-sg4500-12gt-4xfp-8ports-1000mbps-with-410g-uplink-ports-1-console-port/index.html]
[airpronetworks.com/wp-json/oembed/1.0/embed8a39.json]
[airpronetworks.com/wp-json/oembed/1.0/embedb78e]
[airpronetworks.com/wp-json/wp/v2/portfolio/2647.json]
[airpronetworks.com/datasheet-pdf/AP-SG4500-28GT-4SFP.pdf]
[airpronetworks.com/portfolio/ap-sg4500-28gt-4sfp-24ports-1000mbps-with-41g-uplink-ports-1-console-port/index.html]
[airpronetworks.com/wp-json/oembed/1.0/embedc813.json]
[airpronetworks.com/wp-json/oembed/1.0/embedf56c]
[airpronetworks.com/wp-json/wp/v2/portfolio/2651.json]
[airpronetworks.com/datasheet-pdf/AP-SG4500-28GT-4XFP.39a.delayed]
[airpronetworks.com/portfolio/ap-sg4500-28gt-4xfp/index.html]
[airpronetworks.com/wp-json/oembed/1.0/embedc6dc.json]
[airpronetworks.com/wp-json/oembed/1.0/embed8d6e]
[airpronetworks.com/wp-json/wp/v2/portfolio/2654.json]
[airpronetworks.com/datasheet-pdf/AP-SG4500-52GT-4SFP.pdf]
[airpronetworks.com/portfolio/ap-sg4500-52gt-4sfp/index.html]
[airpronetworks.com/wp-json/oembed/1.0/embed7d08.json]
[airpronetworks.com/wp-json/oembed/1.0/embed315d]
[airpronetworks.com/wp-json/wp/v2/portfolio/2657.json]
[airpronetworks.com/datasheet-pdf/AP-SG4500-52GT-4XFP.pdf]
[airpronetworks.com/portfolio/ap-sg4500-52gt-4xfp/index.html]
[airpronetworks.com/wp-json/oembed/1.0/embed53c9.json]
[airpronetworks.com/wp-json/oembed/1.0/embed52fb]
[airpronetworks.com/wp-json/wp/v2/portfolio/2673.json]
[airpronetworks.com/datasheet-pdf/AP-SG5550-24XE.3ac.delayed]
[airpronetworks.com/portfolio/ap-sg5550-24xe-24ports-1000mbps-copper-ports-with-410g-uplink-ports1-console-port/index.html]
[airpronetworks.com/wp-content/themes/hostinza/assets/js/tweetie8a93.js]
[airpronetworks.com/wp-json/oembed/1.0/embed7a54.json]
[airpronetworks.com/wp-json/oembed/1.0/embedbd34]
[airpronetworks.com/wp-json/wp/v2/portfolio/2558.json]
[airpronetworks.com/portfolio/ap-es106p-4ports-100mbps-poe-with-2100mbps-uplink-ports/index.html]
[airpronetworks.com/portfolio/air-bridge-5/index.html]
[airpronetworks.com/wp-json/oembed/1.0/embed40f1.json]
[airpronetworks.com/wp-json/oembed/1.0/embedfabe]
[airpronetworks.com/wp-json/wp/v2/portfolio/2564.json]
[airpronetworks.com/portfolio/ap-es108p-2ge-8ports-100mbps-poe-with-21000mbps-uplink-ports/index.html]
[airpronetworks.com/wp-json/oembed/1.0/embed5d83.json]
[airpronetworks.com/wp-json/oembed/1.0/embedb88d]
[airpronetworks.com/wp-json/wp/v2/portfolio/2567.json]
[airpronetworks.com/portfolio/ap-es1216-16ports-100mbps-poe-with-2ge1sfp-uplink-ports/index.html]
[airpronetworks.com/wp-json/oembed/1.0/embed560e.json]
[airpronetworks.com/wp-json/oembed/1.0/embed848e]
[airpronetworks.com/wp-json/wp/v2/portfolio/2588.json]
[airpronetworks.com/portfolio/ap-esg1906p-4ports-1000mbps-poe-with-11000mbps-ge-1sfp-uplink-ports/index.html]
[airpronetworks.com/wp-json/oembed/1.0/embed6aab.json]
[airpronetworks.com/wp-json/oembed/1.0/embed4644]
[airpronetworks.com/wp-json/wp/v2/portfolio/2591.json]
[airpronetworks.com/portfolio/ap-esg1906-2sf-4ports-1000mbps-poe-with-2sfp-uplink-ports/index.html]
[airpronetworks.com/wp-json/oembed/1.0/embed7711.json]
[airpronetworks.com/wp-json/oembed/1.0/embed71d5]
[airpronetworks.com/wp-json/wp/v2/portfolio/2594.json]
[airpronetworks.com/portfolio/ap-esg1910p-2ge-8ports-1000mbps-poe-with-2ge-uplink-ports/index.html]
[airpronetworks.com/wp-json/oembed/1.0/embed9887.json]
[airpronetworks.com/wp-json/oembed/1.0/embed4dd4]
[airpronetworks.com/wp-json/wp/v2/portfolio/2597.json]
[airpronetworks.com/portfolio/ap-esg1910p-2sf-10-100-1000m-smart-long-range-poe-switch/index.html]
[airpronetworks.com/wp-json/oembed/1.0/embed4a55.json]
[airpronetworks.com/wp-json/oembed/1.0/embed6d2e]
[airpronetworks.com/wp-json/wp/v2/portfolio/2600.json]
[airpronetworks.com/portfolio/ap-gs1008-8port-10-100-1000-giga-unmanaged-switch/index.html]
[airpronetworks.com/wp-json/oembed/1.0/embed6468.json]
[airpronetworks.com/wp-json/oembed/1.0/embed9880]
[airpronetworks.com/wp-json/wp/v2/portfolio/2603.json]
[airpronetworks.com/portfolio/ap-sg1016-16port-10-100-1000-giga-unmanaged-swtich/index.html]
[airpronetworks.com/wp-json/oembed/1.0/embed41a8.json]
[airpronetworks.com/wp-json/oembed/1.0/embede0be]
[airpronetworks.com/wp-json/wp/v2/portfolio/2608.json]
[airpronetworks.com/portfolio/ap-sg1024-24port-10-100-1000-gigabit-unmanaged-switch/index.html]
[airpronetworks.com/wp-content/themes/hostinza/assets/js/tweetie5d0a.js]
[airpronetworks.com/wp-json/oembed/1.0/embed53cb.json]
[airpronetworks.com/wp-json/oembed/1.0/embed5018]
[airpronetworks.com/wp-json/wp/v2/portfolio/2446.json]
[airpronetworks.com/wp-content/uploads/2023/04/CPE150-DETAILS-01.png]
[airpronetworks.com/wp-content/uploads/2023/04/CPE150-DETAILS-02.png]
[airpronetworks.com/wp-content/uploads/2023/04/CPE150-DETAILS-03.png]
[airpronetworks.com/portfolio/air-drona/index.html]
[airpronetworks.com/wp-json/oembed/1.0/embedc20c.json]
[airpronetworks.com/wp-json/oembed/1.0/embeda731]
[airpronetworks.com/wp-json/wp/v2/portfolio/2453.json]
[airpronetworks.com/wp-content/uploads/2023/04/CPE130-DETAILS-02.jpg]
[airpronetworks.com/wp-content/uploads/2023/04/CPE830-DETAILS-01.png]
[airpronetworks.com/wp-content/uploads/2023/04/CPE830-DETAILS-03.png]
[airpronetworks.com/portfolio/air-lakshya/index.html]
[airpronetworks.com/wp-json/oembed/1.0/embed7ac0.json]
[airpronetworks.com/wp-json/oembed/1.0/embedf9f7]
[airpronetworks.com/wp-json/wp/v2/portfolio/2450.json]
[airpronetworks.com/wp-content/uploads/2023/05/AIR-BRIDGE-LITE-5-2.png]
[airpronetworks.com/portfolio/air-connect-2-300mbps-outdoor-cpe/index.html]
[airpronetworks.com/wp-json/oembed/1.0/embed8781.json]
[airpronetworks.com/wp-json/oembed/1.0/embed571e]
[airpronetworks.com/wp-json/wp/v2/portfolio/2896.json]
[airpronetworks.com/portfolio/air-bridge-lite-5/index.html]
[airpronetworks.com/wp-json/oembed/1.0/embedbf3d.json]
[airpronetworks.com/wp-json/oembed/1.0/embed53c6]
[airpronetworks.com/wp-json/wp/v2/portfolio/2460.json]
[airpronetworks.com/portfolio/air-setu11ac-wave2-900mbps-5g-high-power-outdoor-ptp-ptm/index.html]
[airpronetworks.com/wp-json/oembed/1.0/embed0d01.json]
[airpronetworks.com/wp-json/oembed/1.0/embed412b]
[airpronetworks.com/wp-json/wp/v2/portfolio/2464.json]
[airpronetworks.com/portfolio/air-dhruv-11ac-900mbps-5g-high-power-outdoor-cpe/index.html]
[airpronetworks.com/wp-content/themes/hostinza/assets/js/tweetie9bdc.js]
[airpronetworks.com/wp-json/oembed/1.0/embed927a.json]
[airpronetworks.com/wp-json/oembed/1.0/embed7a29]
[airpronetworks.com/wp-json/wp/v2/portfolio/2685.json]
[airpronetworks.com/portfolio/ap-lt4505n-300mbps-4g-lte-single-sim-router/index.html]
[airpronetworks.com/wp-json/oembed/1.0/embede485.json]
[airpronetworks.com/wp-json/oembed/1.0/embed3e28]
[airpronetworks.com/wp-json/wp/v2/portfolio/2688.json]
[airpronetworks.com/datasheet-pdf/AP-LT4525AN.pdf]
[airpronetworks.com/portfolio/ap-lt4525an-300mbps-4g-lte-dual-sim-router/index.html]
[airpronetworks.com/wp-json/oembed/1.0/embed77fe.json]
[airpronetworks.com/wp-json/oembed/1.0/embed5f36]
[airpronetworks.com/wp-json/wp/v2/portfolio/2691.json]
[airpronetworks.com/datasheet-pdf/AP-LT130.pdf]
[airpronetworks.com/portfolio/ap-lte130-300mbps-4g-lte-router/index.html]
[airpronetworks.com/wp-json/oembed/1.0/embedabac.json]
[airpronetworks.com/wp-json/oembed/1.0/embed2a5e]
[airpronetworks.com/wp-json/wp/v2/portfolio/5057.json]
[airpronetworks.com/portfolio/ap-dsg7510-48s6q-hi-40g-data-center-switch/index.html]
[airpronetworks.com/wp-json/oembed/1.0/embed690a.json]
[airpronetworks.com/wp-json/oembed/1.0/embedda5e]
[airpronetworks.com/wp-json/wp/v2/portfolio/2695.json]
[airpronetworks.com/portfolio/ap-lt100-4g-lte-industrial-grade-router-with-1wan-1lan-gigabit/index.html]
[airpronetworks.com/wp-content/themes/hostinza/assets/js/tweetie58b2.js]
[airpronetworks.com/wp-includes/css/dist/block-library/style.min8717.css]
[airpronetworks.com/wp-content/themes/hostinza/assets/js/tweetie6851.js]
[airpronetworks.com/wp-content/themes/hostinza/assets/js/tweetie4729.js]
[airpronetworks.com/wp-content/themes/hostinza/assets/js/tweetie301c.js]
[airpronetworks.com/wp-content/uploads/elementor/css/post-69789cc.css]
[airpronetworks.com/index1c7e.html]
[airpronetworks.com/wp-content/themes/hostinza/assets/js/tweetie6ebc.js]
[airpronetworks.com/wp-content/plugins/elementor/assets/css/widget-accordion.min1678.css]
[airpronetworks.com/wp-content/plugins/elementor/assets/css/widget-divider.min1678.css]
[airpronetworks.com/wp-content/uploads/elementor/css/post-42117e55.css]
[airpronetworks.com/wp-content/plugins/elementor/assets/lib/font-awesome/css/fontawesome.min52d5.css]
[airpronetworks.com/wp-content/plugins/elementor/assets/lib/font-awesome/css/solid.min52d5.css]
[airpronetworks.com/index568e.html]
[airpronetworks.com/datasheet-pdf/AP-SG6500E-4XG-R-series.html]
[airpronetworks.com/datasheet-pdf/AP-SG6500E-28X-4XG.html]
[airpronetworks.com/datasheet-pdf/AP-SG6500E-8G24XF2Q.html]
[airpronetworks.com/datasheet-pdf/AP-SG6500E-26XF2Q.html]
[airpronetworks.com/datasheet-pdf/AP-SG6500E-L3-10G-series.html]
[airpronetworks.com/datasheet-pdf/AP-SG6200-24XF2Q.html]
[airpronetworks.com/datasheet-pdf/AP-SG6200-28X4XF-6XG.html]
[airpronetworks.com/datasheet-pdf/AP-SG6200-52FX-6XG.html]
[airpronetworks.com/datasheet-pdf/AP-SG6200-48X-6XG.html]
[airpronetworks.com/datasheet-pdf/AP-SG4500-12GT-4XFP.html]
[airpronetworks.com/datasheet-pdf/AP-SG4500-Series-L2-Gigabit.html]
[airpronetworks.com/datasheet-pdf/AP-SG4500-28GT-52GT-4XFP-series.html]
[airpronetworks.com/datasheet-pdf/AP-SG4500-28GT-4XFP-R2.html]
[airpronetworks.com/datasheet-pdf/AP-SGXQ7200-24X2Q.html]
[airpronetworks.com/datasheet-pdf/AP-SGXQ7200-48X2Q.html]
[airpronetworks.com/datasheet-pdf/AP-SG3650-24FX-4XFP.html]
[airpronetworks.com/datasheet-pdf/AP-S6200.html]
[airpronetworks.com/datasheet-pdf/EG-Gateway-Series.html]
[airpronetworks.com/datasheet-pdf/AP-CS6100-24XF2QSF-E1.html]
[airpronetworks.com/datasheet-pdf/AP-SG4500WM-10GT-P-2SFP.html]
[airpronetworks.com/datasheet-pdf/AP-GS3010P-WM.html]
[airpronetworks.com/datasheet-pdf/AP-GS3016P-WM.html]
[airpronetworks.com/datasheet-pdf/AP-GS3024P-WM.html]
[airpronetworks.com/datasheet-pdf/AP-BGS1908MP-XF1.html]
[airpronetworks.com/datasheet-pdf/AP-DSG7510-48S6Q-HI.html]
[airpronetworks.com/datasheet-pdf/AP-CS7500X-series.html]
[airpronetworks.com/datasheet-pdf/AP-CRS-8616.html]
[airpronetworks.com/datasheet-pdf/AP-AC780.html]
[airpronetworks.com/datasheet-pdf/AP-ESG3010P.html]
[airpronetworks.com/datasheet-pdf/AP-ESG3024P.html]
[airpronetworks.com/datasheet-pdf/AP-ESG3048P.html]
[airpronetworks.com/datasheet-pdf/AP-SG4500-12GT-P-4XFP.html]
[airpronetworks.com/datasheet-pdf/AP-SG4500-24GT-P-4SFP.html]
[airpronetworks.com/datasheet-pdf/AP-SG4500-28GT-P-4XFP.html]
[airpronetworks.com/datasheet-pdf/AP-SG4500-28GT-P-4XFP-R2.html]
[airpronetworks.com/datasheet-pdf/AP-SG4500-52GT-P-4XFP.html]
[airpronetworks.com/datasheet-pdf/AP-SG5550 Series.html]
[airpronetworks.com/datasheet-pdf/AP-ES106P.html]
[airpronetworks.com/datasheet-pdf/AP-ES108P.html]
[airpronetworks.com/datasheet-pdf/AP-ES108P-2GE.html]
[airpronetworks.com/datasheet-pdf/AP-ES1216.html]
[airpronetworks.com/datasheet-pdf/AP-ES1024P.html]
[airpronetworks.com/datasheet-pdf/AP-ESG1902P.html]
[airpronetworks.com/datasheet-pdf/AP-ESG1906P.html]
[airpronetworks.com/datasheet-pdf/AP-ESG1906P-2GE.html]
[airpronetworks.com/datasheet-pdf/AP-ESG1906-2SF.html]
[airpronetworks.com/datasheet-pdf/AP-ESG1910P-2GE-R1.html]
[airpronetworks.com/datasheet-pdf/AP-ESG1910P-2SF.html]
[airpronetworks.com/datasheet-pdf/AP-ESG4016P-2G2FX.html]
[airpronetworks.com/datasheet-pdf/AP-ESG4024P-2G2FX.html]
[airpronetworks.com/datasheet-pdf/AP-SG408P-2GE-2SF.html]
[airpronetworks.com/datasheet-pdf/AP-SG4016P-2GE.html]
[airpronetworks.com/datasheet-pdf/AP-SG4024P-2GT.html]
[airpronetworks.com/datasheet-pdf/AP6750E-28X-P-R2.html]
[airpronetworks.com/datasheet-pdf/AP-GS1008.html]
[airpronetworks.com/datasheet-pdf/AP-SG1016.html]
[airpronetworks.com/datasheet-pdf/AP-SG1024.html]
[airpronetworks.com/datasheet-pdf/AP-SG6500M-18X-P-6XG.html]
[airpronetworks.com/datasheet-pdf/AP-SG6500M-30X-P-4XP2Q.html]
[airpronetworks.com/datasheet-pdf/AP-SG6500E-28X-P-R1.html]
[airpronetworks.com/datasheet-pdf/AP-SG6500E-28X-P-4XG-R.html]
[airpronetworks.com/datasheet-pdf/AP-SG6500E-52X-P-R1.html]
[airpronetworks.com/datasheet-pdf/AP-SG6500E-L3-10G-Copper-Routing-Switch.html]
[airpronetworks.com/datasheet-pdf/AP-IGS9006P.html]
[airpronetworks.com/datasheet-pdf/AP-IGS9010P.html]
[airpronetworks.com/datasheet-pdf/AP-IGS9014P.html]
[airpronetworks.com/datasheet-pdf/AP-IGS9016P.html]
[airpronetworks.com/datasheet-pdf/AP-IGS9020P.html]
[airpronetworks.com/datasheet-pdf/AP-IGS9028P.html]
[airpronetworks.com/datasheet-pdf/AP-IGS106P.html]
[airpronetworks.com/datasheet-pdf/AP-IGS108P.html]
[airpronetworks.com/datasheet-pdf/AP-IGS9006-HP.html]
[airpronetworks.com/datasheet-pdf/AP-IGS9010-HP.html]
[airpronetworks.com/datasheet-pdf/AP-IGS9024G8C-4SFP.html]
[airpronetworks.com/datasheet-pdf/AP-SG4300LT-10GT-P-2SFP.html]
[airpronetworks.com/datasheet-pdf/AIRBGN1122.html]
[airpronetworks.com/datasheet-pdf/AP-LB1000.html]
[airpronetworks.com/datasheet-pdf/AP-LT4505N.html]
[airpronetworks.com/datasheet-pdf/AP-LT4525N.html]
[airpronetworks.com/datasheet-pdf/AP-LTE130.html]
[airpronetworks.com/datasheet-pdf/AP-LT100.html]
[airpronetworks.com/datasheet-pdf/Air-Drona.html]
[airpronetworks.com/datasheet-pdf/Air-Lakshya.html]
[airpronetworks.com/datasheet-pdf/Air-Connect-2.html]
[airpronetworks.com/datasheet-pdf/Air-Bridge-Lite-5.html]
[airpronetworks.com/datasheet-pdf/Air-Bridge5ac-Ex.html]
[airpronetworks.com/datasheet-pdf/Air-Setu.html]
[airpronetworks.com/datasheet-pdf/Air-Setu5ac.html]
[airpronetworks.com/datasheet-pdf/Air-Setu-Lite-5G-CPE.html]
[airpronetworks.com/datasheet-pdf/Air-Dhruv.html]
[airpronetworks.com/datasheet-pdf/AIR-MO750.html]
[airpronetworks.com/datasheet-pdf/Air-MO1200.html]
[airpronetworks.com/datasheet-pdf/AP690IX-(ODU).html]
[airpronetworks.com/datasheet-pdf/AIR-AP690IX-V2.html]
[airpronetworks.com/datasheet-pdf/AP690EX-(ODU).html]
[airpronetworks.com/datasheet-pdf/AIR-AP990(ODU).html]
[airpronetworks.com/datasheet-pdf/AP-WAC2100-V1.html]
[airpronetworks.com/datasheet-pdf/AP-WAC2100-V2.html]
[airpronetworks.com/datasheet-pdf/AIR-AP605C-X1.html]
[airpronetworks.com/datasheet-pdf/AIR-AP605C-X1-V2.html]
[airpronetworks.com/datasheet-pdf/AIR-AP605C-X1-R2.html]
[airpronetworks.com/datasheet-pdf/AIR-AP605C-AX.html]
[airpronetworks.com/datasheet-pdf/AIR-AP605C-AX-R2.html]
[airpronetworks.com/datasheet-pdf/AIR-AP610C-AX.html]
[airpronetworks.com/datasheet-pdf/AIR-AP620C-AX.html]
[airpronetworks.com/datasheet-pdf/Air-AP940.html]
[airpronetworks.com/datasheet-pdf/AIR-AP520.html]
[airpronetworks.com/datasheet-pdf/AIR-AP530.html]
[airpronetworks.com/datasheet-pdf/AIR-AP530-R2.html]
[airpronetworks.com/datasheet-pdf/AIR-AP545.html]
[airpronetworks.com/datasheet-pdf/AIR-WAP640.html]
[airpronetworks.com/datasheet-pdf/AIR-WAP645.html]
[airpronetworks.com/datasheet-pdf/AIR-WAP655.html]
[airpronetworks.com/datasheet-pdf/AIR-WAP2750E.html]
[airpronetworks.com/datasheet-pdf/AIR-WAP1200.html]
[airpronetworks.com/datasheet-pdf/AIR-AP603C-X1-R2.html]
[airpronetworks.com/datasheet-pdf/AIR-AP603C-X1-V2.html]
[airpronetworks.com/datasheet-pdf/AIR-AP660C-BE.html]
[airpronetworks.com/datasheet-pdf/AIR-AP666C-BE.html]
[airpronetworks.com/datasheet-pdf/AP-WLC1500.html]
[airpronetworks.com/datasheet-pdf/AP-WLC2000.html]
[airpronetworks.com/datasheet-pdf/AP-FMS-L12.html]
[airpronetworks.com/datasheet-pdf/AP-FMS-L24.html]
[airpronetworks.com/datasheet-pdf/AIR-WAP1200-V2.html]
[airpronetworks.com/datasheet-pdf/AIR-WAP602-X1.html]
[airpronetworks.com/datasheet-pdf/AIR-WAP605-AX.html]
[airpronetworks.com/datasheet-pdf/AIR-WAP605AX-R2.html]
[airpronetworks.com/datasheet-pdf/AIR-WAP610-AX.html]
[airpronetworks.com/datasheet-pdf/AIR-WAP655P.html]
[airpronetworks.com/datasheet-pdf/AP-WLC7008.html]
[airpronetworks.com/datasheet-pdf/AP-WLC7028.html]
[airpronetworks.com/datasheet-pdf/AP-WLC7036.html]
[airpronetworks.com/datasheet-pdf/AP-WLC7045.html]
[airpronetworks.com/datasheet-pdf/AP-MC-SMSF-20K.html]
[airpronetworks.com/datasheet-pdf/AP-MC-SMDF-20K.html]
[airpronetworks.com/datasheet-pdf/AP-MC-MMDF-2K.html]
[airpronetworks.com/datasheet-pdf/AP-MCG-SMSF-20K.html]
[airpronetworks.com/datasheet-pdf/AP-MCG-SMDF-20K-A/B.html]
[airpronetworks.com/datasheet-pdf/AP-MCG-MMDF-2K.html]
[airpronetworks.com/datasheet-pdf/AP-SX8820.html]
[airpronetworks.com/datasheet-pdf/serial-module-SFP.html]
[airpronetworks.com/datasheet-pdf/AP-XFP-MMF-10G.html]
[airpronetworks.com/datasheet-pdf/AP-XFP-SMF-SR-10G.html]
[airpronetworks.com/datasheet-pdf/AP-10G-SMF-SFP+LR.html]
[airpronetworks.com/datasheet-pdf/AP-10G-SMF-SFP+ER+.html]
[airpronetworks.com/datasheet-pdf/AP-GLC-SFP-T10.html]
[airpronetworks.com/datasheet-pdf/AP-IXG1000G.html]
[airpronetworks.com/datasheet-pdf/AP-SFP+-LR.html]
[airpronetworks.com/datasheet-pdf/AP-SFP+-SR.html]
[airpronetworks.com/datasheet-pdf/AP1000G-20.html]
[airpronetworks.com/datasheet-pdf/serial-module-sfp-10gbps.html]
[airpronetworks.com/datasheet-pdf/serial-module-sfp-1.25gbps.html]
[airpronetworks.com/wp-content/themes/hostinza/assets/js/tweetie684e.js]
[airpronetworks.com/wp-content/uploads/elementor/css/post-59787891.css]
[airpronetworks.com/index2fb3.html]
[airpronetworks.com/wp-content/themes/hostinza/assets/js/tweetiec28d.js]
[airpronetworks.com/wp-content/uploads/elementor/css/post-6069e16f.css]
[airpronetworks.com/index2a16.html]
[airpronetworks.com/wp-content/themes/hostinza/assets/js/tweetie5006.js]
[airpronetworks.com/wp-content/plugins/elementor/assets/css/widget-image.min1678.css]
[airpronetworks.com/wp-content/uploads/elementor/css/post-607192f7.css]
[airpronetworks.com/index94f5.html]
[airpronetworks.com/wp-content/themes/hostinza/assets/js/tweetiedf29.js]
[airpronetworks.com/wp-json/oembed/1.0/embed0a1b.json]
[airpronetworks.com/wp-json/oembed/1.0/embed97fe]
[airpronetworks.com/wp-json/wp/v2/portfolio/6316.json]
[airpronetworks.com/portfolio/4x-gigabit-sfp-optical-ports-8x-10-100-1000m-tx-ports/index.html]
[airpronetworks.com/wp-content/themes/hostinza/assets/js/tweetiedcd1.js]
[airpronetworks.com/wp-json/wp/v2/users/1.json]
[airpronetworks.com/author/admin/feed/index.html]
[airpronetworks.com/author/admin/index.html]
[airpronetworks.com/wp-content/themes/hostinza/assets/js/tweetieb57e.js]
[airpronetworks.com/wp-content/uploads/elementor/css/post-1924bd71.css]
[airpronetworks.com/index2abc.html]
[airpronetworks.com/wp-content/themes/hostinza/assets/js/tweetie322d.js]
[airpronetworks.com/wp-includes/js/comment-reply.min8717.js]
[airpronetworks.com/wp-content/themes/hostinza/assets/js/tweetie3cd6.js]
[airpronetworks.com/index5d04.html]
[www.veracityglobal.com/media/78155/poe-explained-one-diagram-one.html]
[airpronetworks.com/wp-content/themes/hostinza/assets/js/tweetief7e2.js]
[airpronetworks.com/wp-content/themes/hostinza/assets/js/tweetie96b3.js]
[airpronetworks.com/wp-content/uploads/elementor/css/post-12767be1.css]
[airpronetworks.com/index6c09.html]
[airpronetworks.com/wp-json/wp/v2/tags/56.json]
[airpronetworks.com/tag/airpro-wifi-6-router/feed/index.html]
[airpronetworks.com/tag/airpro-wifi-6-router/index.html]
[airpronetworks.com/wp-content/themes/hostinza/assets/js/tweetie09c7.js]
[airpronetworks.com/wp-content/uploads/elementor/css/post-463f34e.css]
[airpronetworks.com/indexbbbc.html]
[airpronetworks.com/wp-content/themes/hostinza/assets/js/tweetied8c2.js]
[airpronetworks.com/wp-content/plugins/elementor/assets/css/widget-spacer.min1678.css]
[airpronetworks.com/wp-content/uploads/elementor/css/post-6157506.css]
[airpronetworks.com/index2f7a.html]
[airpronetworks.com/privacy-policy.html]
[airpronetworks.com/wp-content/themes/hostinza/assets/js/tweetieb6d2.js]
[airpronetworks.com/wp-json/oembed/1.0/embed3fa0.json]
[airpronetworks.com/wp-json/oembed/1.0/embedce97]
[airpronetworks.com/wp-json/wp/v2/portfolio/2570.json]
[airpronetworks.com/portfolio/ap-es1024p-24ports-100mbps-poe-with-2ge1sfp-uplink-ports/index.html]
[airpronetworks.com/wp-content/themes/hostinza/assets/js/tweetie6612.js]
[airpronetworks.com/wp-content/themes/hostinza/assets/js/tweetie19c0.js]
[airpronetworks.com/wp-content/themes/hostinza/assets/js/tweetie5616.js]
[airpronetworks.com/wp-json/oembed/1.0/embed3023.json]
[airpronetworks.com/wp-json/oembed/1.0/embed2df1]
[airpronetworks.com/wp-json/wp/v2/portfolio/2679.json]
[airpronetworks.com/portfolio/airbgn1122-300mbps-broadband-router-with-25dbi-antenna/index.html]
[airpronetworks.com/wp-content/themes/hostinza/assets/js/tweetief73f.js]
[airpronetworks.com/wp-content/themes/hostinza/assets/js/tweetie03c5.js]
[airpronetworks.com/wp-content/themes/hostinza/assets/js/tweetiecf7e.js]
[airpronetworks.com/wp-content/plugins/revslider/public/assets/fonts/revicons/revicons90c6.svg]
[airpronetworks.com/wp-content/plugins/revslider/public/assets/css/openhand.html]
[airpronetworks.com/wp-content/plugins/revslider/public/assets/css/closedhand.html]
[airpronetworks.com/t.html]
[airpronetworks.com/chrome-extension_/index.html]
[airpronetworks.com/popper.html]
[airpronetworks.com/l.html]
[airpronetworks.com/t.params.html]
[airpronetworks.com/OPR/index.html]
[airpronetworks.com/region/world/index.html]
[airpronetworks.com/region/usa/index.html]
[airpronetworks.com/document.html]
[airpronetworks.com/e,window.location.html]
[airpronetworks.com/wp-content/plugins/elementor/assets/css/widget-icon-list.min1678.css]
[airpronetworks.com/wp-content/plugins/elementor/assets/css/widget-icon-box.min1678.css]
[airpronetworks.com/wp-content/uploads/elementor/css/post-24091e5c.css]
[airpronetworks.com/index5ac4.html]
[airpronetworks.com/wp-content/themes/hostinza/assets/js/tweetie79d4.js]
[airpronetworks.com/wp-content/uploads/elementor/css/post-24121015.css]
[airpronetworks.com/index952d.html]
[airpronetworks.com/wp-content/themes/hostinza/assets/js/tweetieb4c7.js]
[airpronetworks.com/wp-content/uploads/elementor/css/post-1798c038.css]
[airpronetworks.com/indexe23a.html]
[airpronetworks.com/wp-content/themes/hostinza/assets/js/tweetie0a28.js]
[airpronetworks.com/wp-content/uploads/elementor/css/post-23971886.css]
[airpronetworks.com/indexf7ba.html]
[airpronetworks.com/wp-content/themes/hostinza/assets/js/tweetiea6ad.js]
[airpronetworks.com/wp-content/uploads/elementor/css/post-2393aeed.css]
[airpronetworks.com/index5b45.html]
[airpronetworks.com/wp-content/themes/hostinza/assets/js/tweetiea61c.js]
[airpronetworks.com/wp-content/uploads/elementor/css/post-24023441.css]
[airpronetworks.com/index0273.html]
[airpronetworks.com/wp-content/themes/hostinza/assets/js/tweetie2eeb.js]
[airpronetworks.com/wp-content/uploads/elementor/css/post-2404e9ff.css]
[airpronetworks.com/index0e39.html]
[airpronetworks.com/wp-content/themes/hostinza/assets/js/tweetie4c25.js]
[airpronetworks.com/wp-content/uploads/elementor/css/post-3321c3be.css]
[airpronetworks.com/indexef36.html]
[airpronetworks.com/wp-content/themes/hostinza/assets/js/tweetie57ac.js]
[airpronetworks.com/wp-content/uploads/elementor/css/post-53087fce.css]
[airpronetworks.com/index3e9e.html]
[airpronetworks.com/wp-content/themes/hostinza/assets/js/tweetie6f4d.js]
[airpronetworks.com/wp-content/uploads/elementor/css/post-53247ad4.css]
[airpronetworks.com/index8ab1.html]
[airpronetworks.com/wp-content/themes/hostinza/assets/js/tweetie309c.js]
[airpronetworks.com/wp-content/uploads/elementor/css/post-1761cbf3.css]
[airpronetworks.com/index7020.html]
[airpronetworks.com/wp-content/themes/hostinza/assets/js/tweetie9f37.js]
[airpronetworks.com/wp-content/uploads/elementor/css/post-2419cbf3.css]
[airpronetworks.com/indexc8b6.html]
[airpronetworks.com/wp-content/themes/hostinza/assets/js/tweetie90ab.js]
[airpronetworks.com/wp-content/uploads/elementor/css/post-5343cbf3.css]
[airpronetworks.com/indexbaa4.html]
[airpronetworks.com/wp-content/themes/hostinza/assets/js/tweetie67dc.js]
[airpronetworks.com/wp-content/uploads/elementor/css/post-2538cbf3.css]
[airpronetworks.com/indexb904.html]
[airpronetworks.com/wp-content/themes/hostinza/assets/js/tweetie12d7.js]
[airpronetworks.com/wp-content/uploads/elementor/css/post-2541a7f8.css]
[airpronetworks.com/indexf3cd.html]
[airpronetworks.com/wp-content/themes/hostinza/assets/js/tweetie44ee.js]
[airpronetworks.com/wp-content/uploads/elementor/css/post-5381a7f8.css]
[airpronetworks.com/indexa264.html]
[airpronetworks.com/wp-content/themes/hostinza/assets/js/tweetie964e.js]
[airpronetworks.com/wp-content/uploads/elementor/css/post-5407a7f8.css]
[airpronetworks.com/index5852.html]
[airpronetworks.com/wp-content/themes/hostinza/assets/js/tweetief492.js]
[airpronetworks.com/wp-content/uploads/elementor/css/post-5395a7f8.css]
[airpronetworks.com/indexbfb8.html]
[airpronetworks.com/wp-content/uploads/2023/05/AP-LB1000-2-655x667-1.jpg]
[airpronetworks.com/wp-json/oembed/1.0/embedf769.json]
[airpronetworks.com/wp-json/oembed/1.0/embedbd00]
[airpronetworks.com/wp-json/wp/v2/portfolio/2681.json]
[airpronetworks.com/portfolio/ap-lb1000-5port-gigabit-with-1wange4lan-ge-router/index.html]
[airpronetworks.com/wp-content/themes/hostinza/assets/js/tweetie4539.js]
[airpronetworks.com/wp-content/uploads/elementor/css/post-5017a7f8.css]
[airpronetworks.com/index3179.html]
[airpronetworks.com/wp-content/themes/hostinza/assets/js/tweetie323e.js]
[airpronetworks.com/wp-content/uploads/elementor/css/post-24241a32.css]
[airpronetworks.com/index3dfa.html]
[airpronetworks.com/wp-content/themes/hostinza/assets/js/tweetie492c.js]
[airpronetworks.com/wp-content/uploads/elementor/css/post-2431d6e6.css]
[airpronetworks.com/index9fbb.html]
[airpronetworks.com/wp-content/themes/hostinza/assets/js/tweetiec131.js]
[airpronetworks.com/wp-content/uploads/elementor/css/post-283215cb.css]
[airpronetworks.com/index7a2e.html]
[airpronetworks.com/wp-content/themes/hostinza/assets/js/tweetied1b2.js]
[airpronetworks.com/wp-content/uploads/elementor/css/post-2850e992.css]
[airpronetworks.com/indexdda3.html]
[airpronetworks.com/wp-content/themes/hostinza/assets/js/tweetieaf98.js]
[airpronetworks.com/wp-content/uploads/elementor/css/post-2434d3ab.css]
[airpronetworks.com/index8639.html]
[airpronetworks.com/wp-content/themes/hostinza/assets/js/tweetie6cd0.js]
[airpronetworks.com/wp-content/uploads/elementor/css/post-5540c716.css]
[airpronetworks.com/index43bc.html]
[airpronetworks.com/datasheet-pdf/AP-WLC3608.html]
[airpronetworks.com/wp-content/themes/hostinza/assets/js/tweetie32b2.js]
[airpronetworks.com/wp-content/uploads/elementor/css/post-5535fd8b.css]
[airpronetworks.com/index2204.html]
[airpronetworks.com/datasheet-pdf/AP-WLC3606.html]
[airpronetworks.com/wp-content/themes/hostinza/assets/js/tweetie9b94.js]
[airpronetworks.com/wp-content/uploads/elementor/css/post-55254b99.css]
[airpronetworks.com/index792e.html]
[airpronetworks.com/datasheet-pdf/AP-WLC3000.html]
[airpronetworks.com/wp-content/themes/hostinza/assets/js/tweetie90bc.js]
[airpronetworks.com/wp-content/uploads/elementor/css/post-5514e500.css]
[airpronetworks.com/indexc28a.html]
[airpronetworks.com/wp-content/themes/hostinza/assets/js/tweetied19b.js]
[airpronetworks.com/wp-content/uploads/elementor/css/post-5493a5c0.css]
[airpronetworks.com/index47ec.html]
[airpronetworks.com/wp-content/themes/hostinza/assets/js/tweetie1764.js]
[airpronetworks.com/wp-content/uploads/elementor/css/post-2544ec31.css]
[airpronetworks.com/index16e3.html]
[airpronetworks.com/wp-content/themes/hostinza/assets/js/tweetief402.js]
[airpronetworks.com/wp-content/uploads/elementor/css/post-25497596.css]
[airpronetworks.com/index86c0.html]
[airpronetworks.com/wp-content/themes/hostinza/assets/js/tweetiee0b0.js]
[airpronetworks.com/wp-content/uploads/elementor/css/post-2552e7df.css]
[airpronetworks.com/indexb6c2.html]
[airpronetworks.com/wp-content/themes/hostinza/assets/js/tweetie9ca8.js]
[airpronetworks.com/wp-content/uploads/elementor/css/post-2555f358.css]
[airpronetworks.com/indexf51e.html]
[airpronetworks.com/wp-content/themes/hostinza/assets/js/tweetie759b.js]
[airpronetworks.com/wp-content/uploads/elementor/css/post-61851824.css]
[airpronetworks.com/index3b7f.html]
[airpronetworks.com/wp-content/themes/hostinza/assets/js/tweetied2ae.js]
[airpronetworks.com/wp-content/uploads/elementor/css/post-26662295.css]
[airpronetworks.com/index9ad9.html]
[airpronetworks.com/wp-content/themes/hostinza/assets/js/tweetie70f8.js]
[airpronetworks.com/wp-content/uploads/elementor/css/post-267129e7.css]
[airpronetworks.com/index0c81.html]
[airpronetworks.com/wp-content/themes/hostinza/assets/js/tweetiebd3d.js]
[airpronetworks.com/wp-content/uploads/elementor/css/post-26343c00.css]
[airpronetworks.com/index92a7.html]
[airpronetworks.com/datasheet-pdf/AP-BSG6750M-18X-P-6XQ.html]
[airpronetworks.com/wp-content/themes/hostinza/assets/js/tweetie98eb.js]
[airpronetworks.com/wp-content/uploads/elementor/css/post-26282248.css]
[airpronetworks.com/index96b1.html]
[airpronetworks.com/wp-content/themes/hostinza/assets/js/tweetie9516.js]
[airpronetworks.com/wp-content/uploads/elementor/css/post-2637e898.css]
[airpronetworks.com/indexfb9a.html]
[airpronetworks.com/datasheet-pdf/AP-BSG6750M-30X-P-4XP2Q.html]
[airpronetworks.com/wp-content/themes/hostinza/assets/js/tweetiea407.js]
[airpronetworks.com/wp-content/uploads/elementor/css/post-26312d75.css]
[airpronetworks.com/index0df1.html]
[airpronetworks.com/datasheet-pdf/AP-BSG6750E-52X-P-R1.html]
[airpronetworks.com/wp-content/themes/hostinza/assets/js/tweetie2db7.js]
[airpronetworks.com/wp-content/uploads/elementor/css/post-5061978f.css]
[airpronetworks.com/index4cf9.html]
[airpronetworks.com/wp-content/themes/hostinza/assets/js/tweetiec4b3.js]
[airpronetworks.com/wp-content/uploads/elementor/css/post-26752edd.css]
[airpronetworks.com/index1813.html]
[airpronetworks.com/wp-content/themes/hostinza/assets/js/tweetieb19a.js]
[airpronetworks.com/wp-content/uploads/elementor/css/post-267743b6.css]
[airpronetworks.com/indexbee1.html]
[airpronetworks.com/wp-content/themes/hostinza/assets/js/tweetie5e7d.js]
[airpronetworks.com/wp-content/uploads/elementor/css/post-50734fe7.css]
[airpronetworks.com/indexd54e.html]
[airpronetworks.com/wp-content/themes/hostinza/assets/js/tweetied01b.js]
[airpronetworks.com/wp-content/uploads/elementor/css/post-2612e427.css]
[airpronetworks.com/index419b.html]
[airpronetworks.com/wp-content/themes/hostinza/assets/js/tweetiec9ef.js]
[airpronetworks.com/wp-content/uploads/elementor/css/post-2618a28f.css]
[airpronetworks.com/indexaec8.html]
[airpronetworks.com/wp-content/themes/hostinza/assets/js/tweetied684.js]
[airpronetworks.com/wp-content/uploads/elementor/css/post-23172ce6.css]
[airpronetworks.com/index1800.html]
[airpronetworks.com/wp-content/themes/hostinza/assets/js/tweetie59e3.js]
[airpronetworks.com/wp-content/uploads/elementor/css/post-26151c75.css]
[airpronetworks.com/index8daa.html]
[airpronetworks.com/wp-content/themes/hostinza/assets/js/tweetie21eb.js]
[airpronetworks.com/wp-content/uploads/elementor/css/post-26212abe.css]
[airpronetworks.com/indexc6ea.html]
[airpronetworks.com/wp-content/themes/hostinza/assets/js/tweetiec361.js]
[airpronetworks.com/wp-content/uploads/elementor/css/post-26244a0d.css]
[airpronetworks.com/indexb4b8.html]
[airpronetworks.com/datasheet-pdf/AP-SG4500-24GT-P-4XFP.html]
[airpronetworks.com/wp-content/themes/hostinza/assets/js/tweetie6b3d.js]
[airpronetworks.com/wp-content/uploads/elementor/css/post-2640ab1a.css]
[airpronetworks.com/index605d.html]
[airpronetworks.com/datasheet-pdf/AP-SG4500-10GT-2SFP.html]
[airpronetworks.com/wp-content/themes/hostinza/assets/js/tweetiedf48.js]
[airpronetworks.com/wp-content/uploads/elementor/css/post-264326c4.css]
[airpronetworks.com/indexc318.html]
[airpronetworks.com/wp-content/themes/hostinza/assets/js/tweetie4361.js]
[airpronetworks.com/wp-content/uploads/elementor/css/post-2647c7ba.css]
[airpronetworks.com/index39b6.html]
[airpronetworks.com/datasheet-pdf/AP-SG4500-28GT-4SFP.html]
[airpronetworks.com/wp-content/themes/hostinza/assets/js/tweetie09d7.js]
[airpronetworks.com/wp-content/uploads/elementor/css/post-265125fe.css]
[airpronetworks.com/index689b.html]
[airpronetworks.com/datasheet-pdf/AP-SG4500-28GT-4XFP.html]
[airpronetworks.com/wp-content/themes/hostinza/assets/js/tweetie4caf.js]
[airpronetworks.com/wp-content/uploads/elementor/css/post-26541721.css]
[airpronetworks.com/indexae35.html]
[airpronetworks.com/datasheet-pdf/AP-SG4500-52GT-4SFP.html]
[airpronetworks.com/wp-content/themes/hostinza/assets/js/tweetie9ace.js]
[airpronetworks.com/wp-content/uploads/elementor/css/post-26577963.css]
[airpronetworks.com/indexb2a0.html]
[airpronetworks.com/datasheet-pdf/AP-SG4500-52GT-4XFP.html]
[airpronetworks.com/wp-content/themes/hostinza/assets/js/tweetied83c.js]
[airpronetworks.com/wp-content/uploads/elementor/css/post-26738dfb.css]
[airpronetworks.com/indexf915.html]
[airpronetworks.com/datasheet-pdf/AP-SG5550-24XE.html]
[airpronetworks.com/wp-content/themes/hostinza/assets/js/tweetied0d7.js]
[airpronetworks.com/wp-content/uploads/elementor/css/post-2558cbe0.css]
[airpronetworks.com/index5caa.html]
[airpronetworks.com/wp-content/uploads/2023/04/air-bridge.png]
[airpronetworks.com/datasheet-pdf/AP-BSG6750E-28X-P-R1.pdf]
[airpronetworks.com/wp-json/oembed/1.0/embed9fd3.json]
[airpronetworks.com/wp-json/oembed/1.0/embed3192]
[airpronetworks.com/wp-json/wp/v2/portfolio/2454.json]
[airpronetworks.com/portfolio/air-bridge-5/index.html]
[airpronetworks.com/wp-content/themes/hostinza/assets/js/tweetie2695.js]
[airpronetworks.com/wp-content/uploads/elementor/css/post-25647b8d.css]
[airpronetworks.com/indexb0e3.html]
[airpronetworks.com/wp-content/themes/hostinza/assets/js/tweetied5d3.js]
[airpronetworks.com/wp-content/uploads/elementor/css/post-25674f6b.css]
[airpronetworks.com/index8ce6.html]
[airpronetworks.com/wp-content/themes/hostinza/assets/js/tweetieee09.js]
[airpronetworks.com/wp-content/uploads/elementor/css/post-25884380.css]
[airpronetworks.com/index02bb.html]
[airpronetworks.com/wp-content/themes/hostinza/assets/js/tweetie9610.js]
[airpronetworks.com/wp-content/uploads/elementor/css/post-25917974.css]
[airpronetworks.com/indexecda.html]
[airpronetworks.com/wp-content/themes/hostinza/assets/js/tweetiea88b.js]
[airpronetworks.com/wp-content/uploads/elementor/css/post-2594e25e.css]
[airpronetworks.com/index79da.html]
[airpronetworks.com/wp-content/themes/hostinza/assets/js/tweetiecd0e.js]
[airpronetworks.com/wp-content/uploads/elementor/css/post-25973159.css]
[airpronetworks.com/index2565.html]
[airpronetworks.com/wp-content/themes/hostinza/assets/js/tweetie9a0e.js]
[airpronetworks.com/wp-content/uploads/elementor/css/post-2600ca4c.css]
[airpronetworks.com/indexb622.html]
[airpronetworks.com/wp-content/themes/hostinza/assets/js/tweetie7434.js]
[airpronetworks.com/wp-content/uploads/elementor/css/post-2603cbb2.css]
[airpronetworks.com/index1682.html]
[airpronetworks.com/wp-content/themes/hostinza/assets/js/tweetieaa83.js]
[airpronetworks.com/wp-content/uploads/elementor/css/post-26089dd0.css]
[airpronetworks.com/index0a1d.html]
[airpronetworks.com/wp-content/themes/hostinza/assets/js/tweetie28e4.js]
[airpronetworks.com/wp-content/uploads/elementor/css/post-24463c4b.css]
[airpronetworks.com/index574f.html]
[airpronetworks.com/wp-content/themes/hostinza/assets/js/tweetied7c5.js]
[airpronetworks.com/wp-content/uploads/elementor/css/post-245389ce.css]
[airpronetworks.com/indexf0fc.html]
[airpronetworks.com/wp-content/themes/hostinza/assets/js/tweetie06b0.js]
[airpronetworks.com/wp-content/uploads/elementor/css/post-24500e98.css]
[airpronetworks.com/index1fba.html]
[airpronetworks.com/wp-content/themes/hostinza/assets/js/tweetie91ea.js]
[airpronetworks.com/wp-content/uploads/elementor/css/post-28963f25.css]
[airpronetworks.com/index06fe.html]
[airpronetworks.com/wp-content/themes/hostinza/assets/js/tweetie807c.js]
[airpronetworks.com/wp-content/uploads/elementor/css/post-2460f6ab.css]
[airpronetworks.com/indexe15f.html]
[airpronetworks.com/wp-content/themes/hostinza/assets/js/tweetie866f.js]
[airpronetworks.com/wp-content/uploads/elementor/css/post-24648623.css]
[airpronetworks.com/indexf651.html]
[airpronetworks.com/wp-content/themes/hostinza/assets/js/tweetieaad2.js]
[airpronetworks.com/wp-content/uploads/elementor/css/post-26855fed.css]
[airpronetworks.com/index7409.html]
[airpronetworks.com/wp-content/themes/hostinza/assets/js/tweetie69cd.js]
[airpronetworks.com/wp-content/uploads/elementor/css/post-2688b21f.css]
[airpronetworks.com/index837d.html]
[airpronetworks.com/datasheet-pdf/AP-LT4525AN.html]
[airpronetworks.com/wp-content/themes/hostinza/assets/js/tweetied6ab.js]
[airpronetworks.com/wp-content/uploads/elementor/css/post-26911376.css]
[airpronetworks.com/index827d.html]
[airpronetworks.com/datasheet-pdf/AP-LT130.html]
[airpronetworks.com/wp-content/themes/hostinza/assets/js/tweetie92d7.js]
[airpronetworks.com/wp-content/uploads/elementor/css/post-5057a6c4.css]
[airpronetworks.com/index31fa.html]
[airpronetworks.com/wp-content/themes/hostinza/assets/js/tweetie8d5a.js]
[airpronetworks.com/wp-content/uploads/elementor/css/post-26956e93.css]
[airpronetworks.com/index8aff.html]
[airpronetworks.com/wp-content/themes/hostinza/assets/js/tweetie08bf.js]
[airpronetworks.com/wp-content/uploads/elementor/css/post-6316781d.css]
[airpronetworks.com/indexcb7a.html]
[airpronetworks.com/wp-content/themes/hostinza/assets/js/tweetiee23a.js]
[airpronetworks.com/wp-content/themes/hostinza/assets/js/tweetie7ed7.js]
[airpronetworks.com/wp-content/themes/hostinza/assets/js/tweetied6cd.js]
[airpronetworks.com/wp-content/uploads/elementor/css/post-25706a93.css]
[airpronetworks.com/index151a.html]
[airpronetworks.com/wp-content/themes/hostinza/assets/js/tweetie22de.js]
[airpronetworks.com/wp-content/uploads/elementor/css/post-26797d96.css]
[airpronetworks.com/index7667.html]
[airpronetworks.com/wp-content/themes/hostinza/assets/js/tweetie63ac.js]
[airpronetworks.com/wp-content/uploads/elementor/css/post-2681f6cc.css]
[airpronetworks.com/indexce78.html]
[airpronetworks.com/wp-content/themes/hostinza/assets/js/tweetie9a96.js]
[airpronetworks.com/datasheet-pdf/AP-BSG6750E-28X-P-R1.pdf]
[airpronetworks.com/wp-content/uploads/elementor/css/post-24548206.css]
[airpronetworks.com/index6529.html]
[airpronetworks.com/wp-content/themes/hostinza/assets/js/tweetiefb13.js]
